LI-8250,LI-8250,LI-8250,LI-8250,LI-8250,LI-8250,LI-8250,LI-8250,LI-8250,LI-8250,LI-8250,LI-8250,LI-8250,LI-8250,LI-8250,LI-8250,LI-8250,LI-8250,LI-8250,LI-8250,LI-8250,LI-8250,LI-8250,LI-8250,LI-8250,LI-8250,LI-8250,LI-8250,LI-8250,LI-8250,LI-8250,LI-8250,LI-8250,LI-8250,LI-8250,LI-8250,LI-8250,LI-870,LI-870,LI-870,LI-870,LI-870,LI-870,LI-870,LI-870,LI-870,LI-870,CHAMBER,CHAMBER,CHAMBER,CHAMBER,CHAMBER,CHAMBER
DATE,TIME,T_CASE,PA,T_PA,PUMP_POSITIVE_PRESSURE,PUMP_NEGATIVE_PRESSURE,FLOW,PUMP_TIME,PUMP_SETPOINT,PUMP_CURRENT,SUB_PRESSURE,SUB_FLOW,VSO_FLOW_SETPOINT,VSO_PRESSURE_SETPOINT,PORT1_CURRENT,PORT2_CURRENT,PORT3_CURRENT,PORT4_CURRENT,PORT5_CURRENT,PORT6_CURRENT,PORT7_CURRENT,PORT8_CURRENT,SOL_CURRENT,12VDC_CURRENT,VIN,VOUT,VSO_FLOW,VSO_PRESSURE,5V_VOLTAGE,12V_VOLTAGE,FLOW_PRESSURE,SUB_FLOW_PRESSURE,LATITUDE,LONGITUDE,SATELLITES,ALTITUDE,CO2,CO2_DRY,H2O,T_CELL,PA_CELL,CO2_ABS,H2O_ABS,DEWPOINT,VIN,FLOW,TA,TB,VIN,MOTOR_CURRENT,STATE,DIAG
[YYYYMMDD],[HHMMSS],[C],[kPa],[C],[kPa],[kPa],[L+1M-1],[H],[#],[A],[kPa],[L+1M-1],[#],[#],[A],[A],[A],[A],[A],[A],[A],[A],[A],[A],[V],[V],[V],[V],[V],[V],[kPa],[kPa],[degrees],[degrees],[#],[m],[umol+1mol-1],[umol+1mol-1],[mmol+1mol-1],[C],[kPa],[#],[#],[C],[V],[L+1M-1],[C],[C],[V],[A],[#],[#]
20220125,000046,0,99.9747,21.375,18.5861,-16.009,2.56744,95.0206,255,0.584806,-0.45903,1.62229,95,103,0.0617958,0.0150799,0.0143219,0.0157581,0.0167954,0.0157581,0.00155587,0.000917562,0.253048,0.657054,23.6581,24.3775,4.25217,4.40199,5.02466,12.0653,4.30902,1.99106,39.94039,-5.774879,19,267.5,448.004,450.4671,5.46785,51.5367,99.6764,0.07108063,0.033481,-1.62202,11.3144,0.733356,-0.33,2.12,24.36,0,1,0
20220125,000047,0,99.972,21.375,18.61386,-16.09927,2.568563,95.02062,255,0.5534893,-0.210239,1.613718,95,103,0.1236315,0.01400279,0.0146411,0.01519961,0.01583792,0.01511983,0.001436184,0.001476078,0.2467444,0.6566153,23.64762,24.37752,4.252173,4.40139,5.021347,12.06364,4.311642,1.975344,39.94039,-5.774879,19,267.6,447.621,450.0785,5.46021,51.5334,99.6717,0.07103419,0.0334428,-1.64166,11.29761,0.7310386,-0.33,2.12,24.26,0.28,1,0
20220125,000048,0,99.975,21.375,18.80128,-16.47238,2.569246,95.02062,255,0.5831705,0.4566948,1.614009,95,103,0.1448551,0.01416237,0.01416237,0.01488046,0.01667569,0.01607728,0.00119682,0.00099735,0.2530476,0.6881715,23.62545,24.38497,4.253378,4.402595,5.019279,12.06364,4.307277,1.989311,39.94039,-5.774879,19,267.6,447.756,450.2169,5.46603,51.5367,99.6722,0.07104939,0.03347081,-1.62713,11.30013,0.7334171,-0.33,2.12,24.2,0.24,1,0
20220125,000049,0,99.98025,21.4375,18.56353,-15.98473,2.567375,95.02062,255,0.5772263,-0.453792,1.597736,95,103,0.1750549,0.01500014,0.01504004,0.01607728,0.01519961,0.01655601,0.002074488,0.001436184,0.2499359,0.5320663,23.61962,24.37794,4.254182,4.402194,5.02052,12.0624,4.309896,1.932569,39.94039,-5.774879,19,267.5,447.922,450.3867,5.47245,51.5301,99.6762,0.07107228,0.03350371,-1.61063,11.31943,0.7320708,-0.32,2.12,24.15,0.41,1,0
20220125,000050,0,99.97425,21.375,18.59824,-16.42726,2.56862,95.02062,255,0.5485026,0.4095555,1.594061,95,103,0.1683926,0.01440173,0.01484057,0.01440173,0.01559855,0.01507993,0.00119682,0.001236714,0.250654,0.5298322,23.60328,24.38124,4.253981,4.403198,5.023415,12.06571,4.312515,1.940426,39.94039,-5.774879,19,267.6,447.865,450.3167,5.44445,51.5434,99.6727,0.07106096,0.03336608,-1.68076,11.31188,0.7328693,-0.32,2.12,24.12,0.33,1,0
20220125,000051,0,99.9755,21.375,18.66592,-16.35958,2.567774,95.02062,255,0.5642208,0.3938424,1.617767,95,103,0.1478472,0.01523951,0.01583792,0.01504004,0.01591771,0.01675548,0.001037244,0.001037244,0.2520503,0.6220672,23.60562,24.38331,4.254182,4.402997,5.023415,12.0624,4.307277,1.997168,39.94039,-5.774879,19,267.6,446.787,449.2341,5.44733,51.5434,99.6732,0.07093889,0.03338015,-1.67353,11.31943,0.7329471,-0.32,2.12,24.15,0.36,1,0
20220125,000052,0,99.9705,21.375,18.83773,-16.42031,2.571789,95.02062,255,0.5697262,0.4837562,1.586538,95,103,0.1478073,0.01492036,0.01492036,0.01472089,0.01547887,0.01519961,0.001156926,0.001316502,0.25217,0.5354174,23.60912,24.37835,4.255387,4.403599,5.018038,12.06364,4.314261,1.92384,39.94039,-5.774879,18,267.6,447.041,449.4973,5.46462,51.5334,99.6752,0.07097095,0.03346527,-1.63021,11.30349,0.7330421,-0.32,2.12,24.15,0.35,1,0
20220125,000053,0,99.97625,21.375,18.49065,-16.11662,2.566385,95.02062,255,0.5759497,0.1319574,1.569002,95,103,0.1591372,0.01472089,0.01456131,0.01456131,0.01551877,0.01543898,0.001476078,0.001236714,0.2515716,0.5766678,23.60503,24.38331,4.254985,4.403399,5.022588,12.06075,4.309023,1.875828,39.94039,-5.774879,18,267.6,446.835,449.2894,5.46295,51.54,99.6757,0.07094681,0.0334568,-1.6343,11.29761,0.7335066,-0.32,2.12,24.15,0.33,1,0
20220125,000054,0,99.9755,21.375,18.50106,-16.03332,2.566509,95.02062,255,0.597652,-0.09588255,1.601815,95,103,0.2411193,0.01504004,0.01448152,0.01452142,0.01631665,0.01559855,0.001316502,0.001476078,0.2527684,0.6811103,23.58695,24.38166,4.255387,4.404603,5.002734,12.06075,4.309023,1.949155,39.94039,-5.774879,18,267.6,445.984,448.4345,5.46457,51.5334,99.6752,0.07085085,0.03346503,-1.63033,11.30433,0.7322795,-0.31,2.12,24.07,0.39,1,0
20220125,000055,0,99.9785,21.375,18.69022,-16.50708,2.568512,95.02062,255,0.5687289,0.4732808,1.593876,95,103,0.2595903,0.01523951,0.0146012,0.0146411,0.01619696,0.01719431,0.001436184,0.001675548,0.2471034,0.6114553,23.5852,24.37421,4.256391,4.405206,5.035823,12.0624,4.309023,1.941299,39.94039,-5.774879,18,267.6,447.359,449.8033,5.43425,51.5301,99.6732,0.07100582,0.03331792,-1.70616,11.3102,0.7324576,-0.31,2.12,23.97,0.59,5,0
20220125,000056,0,99.97325,21.375,18.70931,-16.17909,2.568537,95.02062,255,0.5433962,0.1415599,1.553262,95,103,0.01519961,0.01400279,0.01476078,0.01420226,0.01547887,0.01647622,0.00139629,0.000877668,0.2524093,0.7193287,23.66512,24.38579,4.257195,4.405206,5.02176,12.06488,4.30815,1.839164,39.94039,-5.774879,18,267.6,447.066,449.5207,5.46066,51.5334,99.6767,0.07097477,0.03344661,-1.63985,11.30936,0.7341847,-0.31,2.12,24.36,0,5,0
20220125,000057,0,99.97875,21.375,18.55659,-15.95349,2.567062,95.02062,255,0.5463085,-0.403161,1.599172,95,103,0.01488046,0.01408258,0.01523951,0.01404269,0.01511983,0.01651612,0.001436184,0.001077138,0.2504146,0.6125325,23.66686,24.38745,4.257395,4.406813,5.013074,12.06654,4.309023,1.936934,39.94039,-5.774879,17,267.6,447.509,449.9682,5.46518,51.5334,99.6757,0.07102442,0.03346813,-1.62876,11.30013,0.7326761,-0.31,2.12,24.36,0,5,0
20220125,000058,0,99.9785,21.375,18.38305,-16.00382,2.566225,95.02062,255,0.5742741,-0.4380789,1.585075,95,103,0.01547887,0.01388311,0.01420226,0.01488046,0.01651612,0.01452142,0.002034594,0.001117032,0.2500955,0.6272534,23.66278,24.38745,4.257998,4.405206,5.022588,12.06612,4.312515,1.902889,39.94039,-5.774879,17,267.6,448.052,450.5089,5.4537,51.5401,99.6747,0.07108414,0.03341174,-1.65745,11.31608,0.732213,-0.31,2.12,24.36,0,5,0
20220125,000059,0,99.97525,21.375,18.46982,-16.2086,2.566174,95.0248,255,0.5735561,0.2759942,1.587072,95,103,0.01551877,0.01448152,0.01352407,0.0146411,0.01567834,0.01551877,0.00099735,0.001276608,0.2481008,0.5604309,23.67736,24.38331,4.257998,4.405407,5.018865,12.0653,4.309023,1.921221,39.94039,-5.774879,17,267.6,448.492,450.9477,5.44554,51.5401,99.6764,0.07113534,0.03337282,-1.67755,11.30181,0.7333219,-0.3,2.12,24.36,0,5,0
20220125,000100,0,99.976,21.375,18.74401,-16.39775,2.570433,95.0248,255,0.5678113,0.4628054,1.61395,95,103,0.01496025,0.01511983,0.01440173,0.01567834,0.01583792,0.01555866,0.001276608,0.00099735,0.2523296,0.6135697,23.70245,24.38166,4.258399,4.406411,5.019279,12.06488,4.313388,1.989311,39.94039,-5.774879,17,267.6,447.975,450.4337,5.45855,51.5467,99.677,0.07107615,0.0334354,-1.64507,11.32699,0.7319908,-0.31,2.12,24.36,0,5,0
20220125,000101,0,99.975,21.375,18.73187,-16.02985,2.570316,95.0248,255,0.5399653,-0.3918126,1.576934,95,103,0.01519961,0.01416237,0.01488046,0.01416237,0.01539908,0.01603739,0.001276608,0.00139629,0.2464252,0.5901918,23.68378,24.38083,4.257797,4.404804,5.022588,12.06488,4.313388,1.884557,39.94039,-5.774879,17,267.6,449.429,451.8912,5.44875,51.5401,99.6732,0.07123923,0.0333873,-1.66999,11.31356,0.734243,-0.31,2.12,24.36,0,5,0
20220125,000102,0,99.979,21.375,18.69195,-16.488,2.568264,95.0248,255,0.5633033,0.4374899,1.601451,95,103,0.01416237,0.01496025,0.01543898,0.01404269,0.01551877,0.01535919,0.001436184,0.001316502,0.2516115,0.6218677,23.66862,24.38331,4.257998,4.406813,5.027551,12.06488,4.30815,1.958758,39.94039,-5.774879,17,267.5,448.022,450.4915,5.48177,51.5467,99.6712,0.07107747,0.03354573,-1.58819,11.29509,0.7330114,-0.3,2.12,24.36,0,5,0
20220125,000103,0,99.97575,21.375,18.60518,-15.99167,2.567633,95.0248,255,0.5613485,-0.3490381,1.596549,95,103,0.01484057,0.01472089,0.01440173,0.01440173,0.01559855,0.01559855,0.001476078,0.000917562,0.2465449,0.596894,23.65928,24.38331,4.258198,4.406009,5.019692,12.06571,4.309023,1.931696,39.94039,-5.77488,17,267.5,448.204,450.6568,5.44277,51.5401,99.6702,0.07109809,0.03335738,-1.6853,11.33706,0.73347,-0.3,2.12,24.36,0,5,0
20220125,000104,0,99.9755,21.375,18.23381,-16.09232,2.562833,95.0248,255,0.5836093,0.08219925,1.619972,95,103,0.0152794,0.01476078,0.01535919,0.01504004,0.01675548,0.0152794,0.001077138,0.001156926,0.2495769,0.6124128,23.65928,24.38579,4.259404,4.407817,5.023415,12.06281,4.306404,1.996295,39.94039,-5.774877,17,267.6,448.716,451.1797,5.46054,51.5401,99.6759,0.07116044,0.03344524,-1.64026,11.2909,0.7333351,-0.3,2.12,24.36,0,5,0
20220125,000105,0,99.978,21.375,18.76657,-16.45329,2.570647,95.0248,255,0.5979313,0.4619325,1.581511,95,103,0.01468099,0.01480067,0.01424216,0.0146411,0.01579802,0.01543898,0.000917562,0.001555866,0.246505,0.527638,23.66045,24.37504,4.260006,4.407616,5.026724,12.06157,4.313388,1.911619,39.94039,-5.774877,17,267.7,448.442,450.9071,5.46696,51.5434,99.67,0.07112455,0.03347403,-1.62512,11.3144,0.7323672,-0.3,2.12,24.35,0,5,0
20220125,000106,0,99.97575,21.375,18.84814,-16.30751,2.572083,95.0248,255,0.5654975,0.2882155,1.585132,95,103,0.01551877,0.01500014,0.01507993,0.01500014,0.01535919,0.01519961,0.001316502,0.001037244,0.2503747,0.690605,23.64528,24.38952,4.260207,4.408018,5.025897,12.05992,4.315134,1.916856,39.94039,-5.774875,17,267.7,448.34,450.7987,5.45422,51.5434,99.6757,0.07111704,0.0334143,-1.65603,11.30181,0.7342452,-0.3,2.12,24.36,0,5,0
20220125,000107,0,99.9755,21.375,18.58262,-15.9882,2.567912,95.0248,255,0.5388483,-0.3237225,1.581208,95,103,0.01575813,0.01420226,0.01511983,0.01424216,0.01571824,0.01579802,0.001276608,0.001077138,0.2520902,0.691363,23.67445,24.38083,4.260207,4.408419,5.013488,12.06571,4.310769,1.895905,39.94039,-5.774877,17,267.6,449.573,452.0379,5.45291,51.55,99.6767,0.07125652,0.03340775,-1.65915,11.29845,0.7332072,-0.3,2.12,24.36,0,5,0
20220125,000108,0,99.97425,21.375,18.50453,-16.06803,2.566045,95.0248,255,0.5757502,0.05077305,1.609736,95,103,0.01547887,0.01448152,0.01476078,0.01432195,0.01559855,0.01440173,0.001276608,0.00139629,0.2485396,0.6487163,23.66803,24.38497,4.26101,4.408821,5.025897,12.06488,4.307277,1.970979,39.94039,-5.774879,17,267.6,449.297,451.7615,5.45537,51.5467,99.6759,0.07122523,0.03341967,-1.65313,11.2909,0.733426,-0.3,2.12,24.36,0,5,0
20220125,000109,0,99.9795,21.375,18.27546,-15.96564,2.565044,95.0248,255,0.5609096,-0.2844397,1.595991,95,103,0.01488046,0.0152794,0.01380332,0.01416237,0.01539908,0.01607728,0.001555866,0.001316502,0.2468641,0.6703389,23.66395,24.38083,4.261412,4.408218,5.019279,12.06405,4.312515,1.931696,39.94039,-5.77488,17,267.5,449.039,451.5018,5.45467,51.5467,99.6745,0.07119489,0.03341579,-1.65508,11.3102,0.7336931,-0.3,2.12,24.35,0,5,0
20220125,000110,0,99.97525,21.375,18.59651,-16.53312,2.569106,95.0248,255,0.5678911,0.4243957,1.608122,95,103,0.01523951,0.01504004,0.01484057,0.0153193,0.01511983,0.01547887,0.000757986,0.00139629,0.2510529,0.6460834,23.66395,24.38662,4.261412,4.409223,5.023415,12.06405,4.314261,1.974471,39.94039,-5.774882,17,267.4,449.37,451.8353,5.45628,51.5534,99.6755,0.07123208,0.03342336,-1.65093,11.30265,0.7335416,-0.3,2.12,24.36,0,5,0
20220125,000111,0,99.9735,21.375,18.80649,-16.07844,2.568804,95.0248,255,0.5665347,-0.3586405,1.589647,95,103,0.01420226,0.01424216,0.01535919,0.01583792,0.01543898,0.01519961,0.001236714,0.001515972,0.2504545,0.5260423,23.67212,24.37752,4.262014,4.408218,5.025897,12.06364,4.305532,1.91511,39.94039,-5.774883,17,267.4,448.736,451.2029,5.46732,51.5434,99.671,0.07115865,0.03347611,-1.62408,11.31272,0.7329099,-0.3,2.12,24.36,0,5,0
20220125,000112,0,99.974,21.375,18.567,-16.05935,2.566205,95.0248,255,0.5962158,0.0429165,1.571219,95,103,0.01504004,0.01404269,0.01551877,0.01480067,0.0165959,0.01496025,0.001037244,0.001117032,0.2492577,0.5214545,23.6657,24.37587,4.262617,4.409624,5.022174,12.06612,4.305532,1.879319,39.94039,-5.774883,17,267.4,449.613,452.0793,5.45546,51.5467,99.6784,0.0712629,0.03342092,-1.65257,11.31272,0.7329278,-0.3,2.12,24.36,0,5,0
20220125,000113,0,99.9795,21.375,18.6208,-16.51229,2.567746,95.0248,255,0.561907,0.557957,1.609531,95,103,0.01539908,0.01496025,0.01376343,0.0153193,0.01611718,0.01543898,0.001316502,0.000957456,0.2516115,0.5697262,23.66745,24.38414,4.261814,4.408821,5.018452,12.0653,4.309023,1.980582,39.94039,-5.774883,17,267.4,449.309,451.7732,5.45442,51.5534,99.674,0.07122409,0.03341389,-1.65577,11.29426,0.7337971,-0.3,2.12,24.36,0,5,0
20220125,000114,0,99.97325,21.3125,18.7284,-16.04026,2.571605,95.02896,255,0.5504973,-0.2652349,1.581866,95,103,0.01484057,0.0146411,0.01352407,0.01599749,0.01504004,0.01583792,0.001316502,0.000917562,0.2471433,0.5644602,23.67153,24.38497,4.262215,4.409624,5.023415,12.06323,4.317753,1.898524,39.94039,-5.774883,17,267.3,448.902,451.3661,5.45907,51.5401,99.6737,0.07117993,0.03343737,-1.64423,11.30265,0.7326038,-0.3,2.12,24.35,0,5,0
20220125,000115,0,99.97525,21.375,18.68154,-15.99514,2.570807,95.02896,255,0.5611091,-0.2774562,1.604035,95,103,0.01432195,0.01472089,0.01424216,0.01488046,0.01535919,0.01615707,0.001236714,0.00119682,0.2493774,0.5396063,23.66103,24.37504,4.263219,4.410628,5.024242,12.06323,4.31688,1.950901,39.94039,-5.774885,17,267.3,449.695,452.1677,5.46846,51.5567,99.6752,0.07126832,0.0334819,-1.62069,11.30517,0.7346218,-0.3,2.12,24.36,0,5,0
20220125,000116,0,99.97475,21.375,18.34661,-16.40817,2.567444,95.02896,255,0.560391,0.4252686,1.59393,95,103,0.01476078,0.01484057,0.01480067,0.01567834,0.01492036,0.01615707,0.000877668,0.000917562,0.2451087,0.6961503,23.67386,24.3767,4.263822,4.410829,5.024656,12.06157,4.317753,1.940426,39.94039,-5.774885,17,267.3,450.008,452.4814,5.46635,51.5467,99.6759,0.07130593,0.03347278,-1.62582,11.32279,0.7326183,-0.3,2.12,24.35,0,5,0
20220125,000117,0,99.98325,21.375,18.65377,-16.4047,2.568047,95.02896,255,0.5797795,0.5335144,1.580527,95,103,0.01472089,0.01436184,0.01519961,0.01456131,0.01511983,0.01599749,0.001117032,0.001276608,0.2493774,0.6366284,23.64762,24.38248,4.263019,4.409825,5.025483,12.06281,4.309023,1.910746,39.94039,-5.774885,18,267.3,449.378,451.8484,5.46727,51.5434,99.6752,0.07123446,0.03347725,-1.62363,11.3144,0.7339858,-0.3,2.12,24.35,0,5,0
20220125,000118,0,99.98,21.375,18.63121,-16.17909,2.569931,95.02896,255,0.596136,0.20965,1.571694,95,103,0.01468099,0.01480067,0.01507993,0.01511983,0.01635654,0.01535919,0.000757986,0.002313852,0.2511327,0.7196479,23.66162,24.36842,4.263019,4.41103,5.033755,12.06075,4.316007,1.883684,39.94039,-5.774885,18,267.3,449.859,452.3259,5.45371,51.5467,99.6784,0.07129073,0.03341246,-1.65692,11.30768,0.7330188,-0.3,2.12,24.36,0,5,0
20220125,000119,0,99.9795,21.375,18.48891,-16.16348,2.568137,95.02896,255,0.5841678,0.1991746,1.611017,95,103,0.0146411,0.01472089,0.01488046,0.01456131,0.01587781,0.0152794,0.00139629,0.000957456,0.2455077,0.6734506,23.67678,24.38331,4.263822,4.411231,5.022588,12.06654,4.315134,1.97709,39.94039,-5.774885,18,267.2,451.026,453.5027,5.46135,51.5467,99.6764,0.07142138,0.03344876,-1.63818,11.29929,0.7336743,-0.3,2.12,24.36,0,5,0
20220125,000120,0,99.97625,21.375,18.69195,-16.49147,2.570125,95.02896,255,0.5421594,0.4470924,1.594837,95,103,0.01507993,0.01511983,0.01408258,0.01631665,0.01587781,0.01607728,0.001555866,0.00139629,0.251013,0.6456046,23.67678,24.38166,4.264224,4.411432,5.026724,12.06364,4.314261,1.943045,39.94039,-5.774885,18,267.2,449.017,451.476,5.44661,51.5567,99.6735,0.07119,0.03337568,-1.67528,11.3144,0.7334921,-0.3,2.12,24.36,0,5,0
20220125,000121,0,99.977,21.375,18.74575,-16.0177,2.570176,95.02896,255,0.5668538,-0.4433166,1.58772,95,103,0.01452142,0.01472089,0.01511983,0.01440173,0.01547887,0.01488046,0.000957456,0.001476078,0.2491779,0.6215086,23.68262,24.38414,4.264022,4.41103,5.025897,12.0624,4.312515,1.909,39.94039,-5.774885,18,267.2,449.918,452.3931,5.47118,51.5501,99.6724,0.0712927,0.03349471,-1.61429,11.32531,0.7335072,-0.3,2.12,24.36,0,5,0
20220125,000122,0,99.973,21.3125,18.76484,-15.99341,2.571483,95.02896,255,0.5795401,-0.1971447,1.593128,95,103,0.01555866,0.01507993,0.0146012,0.01400279,0.01675548,0.01607728,0.001316502,0.00099735,0.2469838,0.5516143,23.67678,24.38786,4.263621,4.411432,5.019279,12.06571,4.316007,1.926459,39.94039,-5.774885,18,267.3,450.22,452.6938,5.4646,51.5467,99.6747,0.071329,0.0334639,-1.63034,11.33622,0.7327595,-0.3,2.12,24.36,0,5,0
20220125,000123,0,99.97475,21.375,18.36917,-16.37346,2.563792,95.02896,255,0.5674523,0.4959776,1.610799,95,103,0.01456131,0.01400279,0.01380332,0.01543898,0.01492036,0.0153193,0.00139629,0.00119682,0.250654,0.5464281,23.66978,24.38331,4.264224,4.411633,5.017624,12.06488,4.304658,1.982327,39.94039,-5.774885,18,267.3,449.923,452.3996,5.47425,51.5534,99.675,0.07129455,0.03351009,-1.60633,11.30768,0.7341685,-0.3,2.12,24.36,0,5,0
20220125,000124,0,99.97675,21.375,18.60518,-16.24504,2.568398,95.02896,255,0.5618671,0.2829778,1.583694,95,103,0.01492036,0.01388311,0.01504004,0.01551877,0.01615707,0.01547887,0.001635654,0.001077138,0.2503349,0.5476648,23.6657,24.38,4.264022,4.411633,5.01597,12.0653,4.311642,1.913364,39.94039,-5.774885,18,267.3,450.158,452.6309,5.46332,51.5567,99.6717,0.07131821,0.03345591,-1.63394,11.30349,0.7331915,-0.3,2.12,24.36,0,5,0
20220125,000125,0,99.97125,21.3125,18.85855,-16.43246,2.569921,95.02896,255,0.5741544,0.5178013,1.576329,95,103,0.01551877,0.01392301,0.0146012,0.0152794,0.01619696,0.01571824,0.001476078,0.001316502,0.2471433,0.5606304,23.67328,24.38455,4.264424,4.411231,5.009352,12.06654,4.307277,1.90027,39.94039,-5.774885,18,267.3,450.35,452.8233,5.46187,51.5568,99.6774,0.07134408,0.03345078,-1.63675,11.34964,0.7332045,-0.3,2.12,24.36,0,5,0
20220125,000126,0,99.976,21.375,18.77178,-16.10621,2.571773,95.02896,255,0.5838487,-0.00509575,1.61127,95,103,0.01504004,0.01412248,0.01356396,0.01551877,0.01559855,0.01468099,0.001316502,0.001436184,0.2510928,0.5690879,23.67328,24.39076,4.264625,4.412637,5.009352,12.06488,4.31688,1.973598,39.94039,-5.774885,18,267.3,450.475,452.9513,5.46695,51.5534,99.6735,0.07135582,0.03347433,-1.62466,11.30349,0.7337649,-0.3,2.12,24.35,0,5,0
20220125,000127,0,99.97625,21.375,18.60865,-16.05935,2.568443,95.02896,255,0.5661358,0.02633045,1.586873,95,103,0.01519961,0.01496025,0.01599749,0.01424216,0.01583792,0.01603739,0.001037244,0.000837774,0.2487391,0.6023994,23.66336,24.3829,4.265429,4.412838,5.022588,12.0653,4.311642,1.915983,39.94039,-5.774885,18,267.3,449.841,452.3241,5.48962,51.5434,99.677,0.07128841,0.03358579,-1.56796,11.30433,0.7335474,-0.29,2.12,24.35,0,5,0
20220125,000128,0,99.975,21.3125,18.32058,-16.34569,2.563522,95.02896,255,0.5887955,0.3982072,1.594146,95,103,0.01563845,0.01400279,0.01480067,0.01392301,0.01691506,0.01571824,0.001156926,0.000957456,0.247263,0.5461888,23.66045,24.38248,4.265227,4.412235,5.027137,12.06405,4.305532,1.940426,39.94039,-5.774885,18,267.3,450.205,452.6785,5.46426,51.5467,99.6762,0.07132834,0.03346276,-1.63097,11.30936,0.7331522,-0.29,2.12,24.36,0,5,0
20220125,000129,0,99.97725,21.375,18.42123,-16.14786,2.567697,95.03313,255,0.559673,-0.1107227,1.603384,95,103,0.01543898,0.01456131,0.01444163,0.01472089,0.0153193,0.01543898,0.001037244,0.001117032,0.2508934,0.7236772,23.65695,24.38579,4.265629,4.412838,5.026724,12.06695,4.316007,1.952647,39.94039,-5.774883,18,267.4,450.609,453.083,5.46043,51.5567,99.6764,0.07137263,0.03344351,-1.64046,11.30852,0.7343333,-0.29,2.12,24.36,0,5,0
20220125,000130,0,99.97775,21.375,18.69889,-16.09579,2.568097,95.03313,255,0.5442739,0.0184739,1.603783,95,103,0.01488046,0.01432195,0.01551877,0.01472089,0.01488046,0.01655601,0.00159576,0.001077138,0.2471433,0.6422934,23.65636,24.38331,4.266232,4.414444,5.020933,12.06488,4.307277,1.956139,39.94039,-5.774883,18,267.4,450.327,452.8062,5.47523,51.5434,99.6702,0.07133836,0.03351408,-1.60455,11.31524,0.7322524,-0.29,2.12,24.35,0,5,0
20220125,000131,0,99.9795,21.375,18.61559,-16.35958,2.56821,95.03313,255,0.564899,0.3929695,1.560574,95,103,0.01543898,0.01472089,0.01308523,0.01504004,0.01611718,0.01515972,0.001117032,0.000957456,0.2500556,0.6105776,23.65578,24.38,4.266432,4.414042,5.022588,12.0624,4.310769,1.860987,39.94039,-5.774883,18,267.3,451.057,453.5414,5.47782,51.5501,99.6742,0.07142293,0.03352737,-1.59757,11.3102,0.7351361,-0.29,2.12,24.35,0,5,0
20220125,000132,0,99.97475,21.3125,18.32925,-16.0715,2.566736,95.03313,255,0.5779045,-0.0740588,1.591378,95,103,0.01376343,0.01404269,0.01420226,0.01496025,0.01523951,0.01567834,0.001715442,0.00119682,0.2500157,0.6032771,23.66978,24.38331,4.266634,4.41344,5.01597,12.06323,4.316007,1.924713,39.94039,-5.774883,17,267.3,450.403,452.8855,5.48146,51.5634,99.6752,0.07134753,0.03354418,-1.58842,11.34797,0.7318808,-0.29,2.12,24.36,0,5,0
20220125,000133,0,99.981,21.375,18.31884,-16.10274,2.565492,95.03313,255,0.5719603,-0.05747275,1.599628,95,103,0.01480067,0.01436184,0.01484057,0.01583792,0.01543898,0.01627675,0.001316502,0.001037244,0.2457071,0.6570941,23.67562,24.38042,4.266432,4.413239,5.020106,12.06323,4.312515,1.944791,39.94039,-5.774883,17,267.4,450.193,452.6672,5.46595,51.5467,99.6742,0.07132554,0.03347027,-1.62705,11.32195,0.7340917,-0.29,2.12,24.36,0,5,0
20220125,000134,0,99.977,21.3125,18.56527,-16.06803,2.569262,95.03313,255,0.5650985,-0.2242062,1.599557,95,103,0.01511983,0.01551877,0.01496025,0.01388311,0.01456131,0.01647622,0.001117032,0.001276608,0.2453082,0.5762689,23.67853,24.39324,4.266834,4.413641,5.017624,12.06157,4.316007,1.941299,39.94039,-5.774883,17,267.4,450.774,453.2589,5.48219,51.5467,99.6737,0.07139105,0.03354859,-1.5868,11.32195,0.7332296,-0.29,2.12,24.36,0,5,0
20220125,000135,0,99.976,21.3125,18.56006,-16.31446,2.566621,95.03313,255,0.5518138,0.3790022,1.623283,95,103,0.01543898,0.01492036,0.0146012,0.01424216,0.0153193,0.01615707,0.00119682,0.001276608,0.2506141,0.6016813,23.66862,24.38331,4.267035,4.413842,5.018865,12.06281,4.307277,2.010262,39.94039,-5.774883,17,267.4,450.702,453.188,5.48555,51.5467,99.674,0.07138318,0.03356487,-1.57846,11.31859,0.7342857,-0.29,2.12,24.35,0,5,0
20220125,000136,0,99.97925,21.3125,18.45941,-16.53485,2.568341,95.03313,255,0.5568005,0.4392358,1.59378,95,103,0.01444163,0.01535919,0.01547887,0.0153193,0.01563845,0.0159576,0.001077138,0.00139629,0.2466646,0.5303109,23.6902,24.37835,4.267035,4.414042,5.019692,12.06736,4.31688,1.940426,39.94039,-5.774883,17,267.4,450.807,453.2897,5.477,51.5501,99.6732,0.07139385,0.03352308,-1.59974,11.32531,0.7331632,-0.29,2.12,24.36,0,5,0
20220125,000137,0,99.9815,21.375,18.5913,-16.45676,2.566357,95.03313,255,0.5664948,0.4453464,1.603184,95,103,0.01400279,0.01496025,0.01400279,0.01496025,0.01559855,0.01611718,0.001077138,0.001316502,0.249138,0.5158693,23.65112,24.38166,4.267838,4.413641,5.018452,12.06075,4.305532,1.963123,39.94039,-5.774883,18,267.4,451.447,453.9367,5.48479,51.5467,99.6757,0.07146871,0.03356177,-1.58011,11.31104,0.733768,-0.28,2.12,24.36,0,5,0
20220125,000138,0,99.97625,21.3125,18.53577,-16.41337,2.567914,95.03313,255,0.5539282,0.4942316,1.599193,95,103,0.01583792,0.01488046,0.01408258,0.01504004,0.01583792,0.01599749,0.000957456,0.000917562,0.2502152,0.5739151,23.65462,24.38166,4.267838,4.414444,5.021347,12.06075,4.312515,1.954393,39.94039,-5.774883,18,267.4,450.764,453.2577,5.50165,51.5534,99.6727,0.07138836,0.03364164,-1.53878,11.31272,0.7335517,-0.28,2.12,24.35,0,5,0
20220125,000139,0,99.98125,21.375,18.51494,-16.23289,2.568393,95.03313,255,0.5465478,0.07870745,1.594857,95,103,0.01452142,0.0139629,0.01456131,0.01567834,0.01575813,0.01511983,0.000957456,0.00099735,0.2488987,0.5155103,23.65578,24.38786,4.268441,4.414846,5.023415,12.0624,4.315134,1.936061,39.94039,-5.774883,18,267.4,450.538,453.0239,5.48732,51.5534,99.677,0.07136577,0.03357387,-1.57366,11.32195,0.7339566,-0.28,2.12,24.35,0,5,0
20220125,000140,0,99.9775,21.3125,18.67807,-16.3214,2.570476,95.03313,255,0.5592341,0.314404,1.598456,95,103,0.01504004,0.01511983,0.01523951,0.01535919,0.01675548,0.01511983,0.001236714,0.001156926,0.2433933,0.6728123,23.66512,24.3829,4.26824,4.415247,5.024242,12.0653,4.316007,1.949155,39.94039,-5.774883,18,267.4,451.103,453.5843,5.47048,51.5501,99.671,0.07142568,0.03349084,-1.61624,11.32447,0.7331829,-0.28,2.12,24.35,0,5,0
20220125,000141,0,99.9755,21.3125,18.87417,-16.47411,2.571589,95.03313,255,0.5627847,0.5151824,1.608466,95,103,0.0139629,0.01507993,0.01452142,0.01444163,0.0146411,0.01567834,0.00119682,0.000957456,0.250295,0.7126265,23.65636,24.38414,4.269043,4.41585,5.020106,12.06405,4.312515,1.97709,39.94039,-5.774883,18,267.4,451.955,454.4455,5.48034,51.5467,99.675,0.07152545,0.03354007,-1.59122,11.31188,0.7336798,-0.28,2.12,24.36,0,5,0
20220125,000142,0,99.97775,21.3125,18.70237,-16.03679,2.56527,95.03313,255,0.577705,-0.2041284,1.57168,95,103,0.01412248,0.0146411,0.0146012,0.01511983,0.01599749,0.01523951,0.000917562,0.001316502,0.2499758,0.602918,23.6797,24.38331,4.270851,4.415448,5.012661,12.06654,4.297675,1.875828,39.94039,-5.774883,16,267.4,450.983,453.463,5.469,51.5501,99.678,0.07141721,0.03348595,-1.61897,11.31524,0.7332254,-0.28,2.12,24.35,0,5,0
20220125,000143,0,99.97825,21.3125,18.38305,-16.27628,2.567268,95.03313,255,0.5623857,0.3763834,1.558104,95,103,0.0152794,0.01492036,0.01404269,0.01515972,0.01555866,0.01547887,0.00159576,0.001037244,0.2486593,0.5939817,23.6622,24.3829,4.270048,4.416051,5.02631,12.06405,4.316007,1.854877,39.94039,-5.774883,16,267.4,450.627,453.1086,5.4767,51.5534,99.6772,0.07137597,0.03352267,-1.59994,11.31608,0.7345122,-0.28,2.12,24.35,0,5,0
20220125,000144,0,99.974,21.3125,18.35529,-16.40296,2.568068,95.03729,255,0.5515345,0.5343874,1.601068,95,103,0.01468099,0.01587781,0.01380332,0.0139629,0.01440173,0.01755336,0.00139629,0.001635654,0.2504944,0.653344,23.6692,24.37876,4.269445,4.416452,5.021347,12.0653,4.319499,1.959631,39.94039,-5.774883,16,267.4,451.928,454.4212,5.48656,51.5534,99.6772,0.07152307,0.03357029,-1.5755,11.31943,0.7326137,-0.28,2.12,24.36,0,5,0
20220125,000145,0,99.97475,21.3125,18.36743,-16.05762,2.564553,95.03729,255,0.560391,-0.1543702,1.599005,95,103,0.01504004,0.01420226,0.0146411,0.01444163,0.01488046,0.01484057,0.00139629,0.00099735,0.246146,0.5536888,23.68495,24.38331,4.269846,4.416051,5.023415,12.06488,4.307277,1.941299,39.94039,-5.774883,16,267.4,450.777,453.2681,5.49575,51.5434,99.6759,0.07139373,0.03361505,-1.55293,11.31272,0.7350162,-0.28,2.12,24.35,0,5,0
20220125,000146,0,99.9775,21.3125,18.59998,-16.37693,2.568071,95.03729,255,0.5894737,0.400826,1.618414,95,103,0.01480067,0.01432195,0.01488046,0.01543898,0.01583792,0.01551877,0.00139629,0.001436184,0.2503747,0.6189155,23.66686,24.38248,4.269846,4.416854,5.02631,12.06405,4.310769,1.998914,39.94039,-5.774883,16,267.4,451.275,453.7716,5.50189,51.5501,99.6784,0.07145083,0.03364491,-1.53743,11.31859,0.7325408,-0.28,2.12,24.36,0,5,0
20220125,000147,0,99.98,21.3125,18.78913,-16.40122,2.572162,95.03729,255,0.5587155,0.4942316,1.584543,95,103,0.01468099,0.01468099,0.0146411,0.0152794,0.01504004,0.01551877,0.001356396,0.000957456,0.2470635,0.5589548,23.68145,24.38248,4.270048,4.416051,5.027551,12.06364,4.317753,1.919475,39.94039,-5.774883,16,267.4,451.689,454.1781,5.48051,51.5534,99.6712,0.0714916,0.03353912,-1.59131,11.32447,0.7341709,-0.27,2.12,24.36,0,5,0
20220125,000148,0,99.981,21.3125,18.79781,-16.03853,2.571201,95.03729,255,0.5499388,-0.3752266,1.578239,95,103,0.01563845,0.01324481,0.0146012,0.01539908,0.01655601,0.01484057,0.00079788,0.001715442,0.2495769,0.5130767,23.65695,24.39324,4.271051,4.416854,5.017624,12.05992,4.314261,1.888049,39.94039,-5.774883,16,267.4,451.154,453.638,5.47573,51.5434,99.68,0.07143909,0.03351969,-1.60198,11.3102,0.7341728,-0.28,2.12,24.36,0,5,0
20220125,000149,0,99.98175,21.375,18.7874,-16.0472,2.572117,95.03729,255,0.584846,-0.3979233,1.616642,95,103,0.01452142,0.01380332,0.01500014,0.0152794,0.01615707,0.01563845,0.001276608,0.000917562,0.2498561,0.5222923,23.67212,24.38,4.271051,4.417657,5.025069,12.06571,4.317753,1.978836,39.94039,-5.774883,16,267.4,451.611,454.1043,5.49057,51.5567,99.6774,0.07148695,0.03358942,-1.56556,11.33873,0.7329542,-0.28,2.12,24.35,0,5,0
20220125,000150,0,99.97825,21.3125,18.61559,-16.20339,2.568489,95.03729,255,0.5564016,0.0935476,1.614431,95,103,0.01492036,0.01432195,0.01428205,0.01555866,0.01555866,0.01547887,0.00139629,0.000877668,0.2458268,0.538928,23.66103,24.38331,4.271453,4.416854,5.010179,12.06323,4.311642,1.9832,39.94039,-5.774883,16,267.4,451.5,453.9938,5.49301,51.5501,99.6782,0.0714761,0.033602,-1.55941,11.30684,0.7345539,-0.27,2.12,24.36,0,5,0
20220125,000151,0,99.9765,21.3125,18.71451,-16.47932,2.570366,95.03729,255,0.5708033,0.4418547,1.588293,95,103,0.01551877,0.01420226,0.0153193,0.01476078,0.0166358,0.01559855,0.00139629,0.001276608,0.2471832,0.6503121,23.66045,24.38786,4.270248,4.416051,5.015142,12.06323,4.314261,1.927332,39.94039,-5.774883,16,267.4,451.067,453.56,5.4966,51.5501,99.6774,0.07142651,0.03361911,-1.55062,11.32866,0.732886,-0.27,2.12,24.35,0,5,0
20220125,000152,0,99.9755,21.3125,18.80649,-16.16868,2.567732,95.03729,255,0.5549256,0.069105,1.599738,95,103,0.01436184,0.01523951,0.01420226,0.0152794,0.01567834,0.01675548,0.001117032,0.001276608,0.2498162,0.6286895,23.66336,24.38993,4.271654,4.416051,5.013488,12.0624,4.30204,1.94741,39.94039,-5.774883,16,267.4,452.084,454.579,5.48863,51.5434,99.6714,0.07153815,0.03357923,-1.57115,11.31943,0.7344426,-0.27,2.12,24.36,0,5,0
20220125,000153,0,99.9765,21.3125,18.70237,-16.18604,2.570234,95.03729,255,0.5435957,0.2585351,1.567248,95,103,0.01500014,0.01360385,0.01507993,0.01472089,0.01551877,0.0152794,0.001156926,0.001156926,0.2462258,0.6142878,23.67503,24.38083,4.270449,4.417858,5.01597,12.06488,4.314261,1.874082,39.94039,-5.774883,16,267.4,451.958,454.4513,5.48645,51.5534,99.6815,0.07152963,0.03357112,-1.57521,11.32363,0.7334286,-0.27,2.12,24.35,0,5,0
20220125,000154,0,99.98,21.3125,18.79087,-16.27628,2.568278,95.03729,255,0.5529707,0.3781293,1.589145,95,103,0.01472089,0.01488046,0.01504004,0.01507993,0.01535919,0.01563845,0.00139629,0.001077138,0.2500955,0.6827858,23.68845,24.38331,4.272256,4.418059,5.025897,12.0653,4.304658,1.928205,39.94039,-5.774883,16,267.4,452.295,454.7942,5.49523,51.5467,99.6755,0.07156438,0.03361207,-1.5543,11.31859,0.7345868,-0.27,2.12,24.35,0,5,0
20220125,000155,0,99.97625,21.3125,18.82384,-16.08885,2.569992,95.03729,255,0.5588351,-0.3472922,1.586207,95,103,0.01448152,0.01392301,0.01507993,0.0152794,0.01496025,0.01631665,0.00099735,0.001356396,0.2439518,0.6740091,23.68028,24.38331,4.271855,4.416854,5.01597,12.06405,4.309023,1.907254,39.94039,-5.774883,16,267.4,451.404,453.8924,5.48227,51.5434,99.6717,0.07146138,0.03354859,-1.58688,11.31272,0.7334758,-0.27,2.12,24.35,0,5,0
20220125,000156,0,99.975,21.3125,18.68675,-16.17909,2.567746,95.03729,255,0.5692475,0.2000475,1.57144,95,103,0.01567834,0.01408258,0.01384322,0.01535919,0.01579802,0.01563845,0.000957456,0.001675548,0.2492178,0.5518537,23.66803,24.38497,4.271654,4.418059,5.01597,12.0624,4.306404,1.882811,39.94039,-5.774885,16,267.4,453.286,455.785,5.48286,51.5601,99.6784,0.07167625,0.03355229,-1.5845,11.31775,0.7341896,-0.27,2.12,24.35,0,5,0
20220125,000157,0,99.979,21.3125,18.75443,-16.3214,2.571281,95.03729,255,0.5421994,0.4401087,1.565785,95,103,0.01543898,0.01468099,0.01496025,0.01547887,0.01488046,0.01452142,0.001515972,0.001037244,0.2491779,0.5189412,23.67795,24.38166,4.271654,4.417256,5.017624,12.06736,4.316007,1.874082,39.94039,-5.774885,16,267.4,451.569,454.0773,5.52392,51.5567,99.6735,0.07147962,0.03374892,-1.48377,11.31104,0.7333897,-0.27,2.12,24.36,0,5,0
20220125,000158,0,99.98075,21.375,18.62774,-15.97085,2.570403,95.03729,255,0.5530904,-0.384829,1.554363,95,103,0.01563845,0.01472089,0.01515972,0.01515972,0.01559855,0.01647622,0.001236714,0.00119682,0.2497364,0.5108826,23.67445,24.38455,4.272256,4.417858,5.017624,12.06985,4.317753,1.83218,39.94039,-5.774885,16,267.4,451.762,454.2608,5.50076,51.5567,99.6764,0.0715034,0.0336383,-1.54048,11.31524,0.7334242,-0.27,2.12,24.36,0,5,0
20220125,000159,0,99.9785,21.3125,18.74401,-16.2971,2.571696,95.04146,255,0.5682501,0.349322,1.58057,95,103,0.01400279,0.01436184,0.01472089,0.01416237,0.01539908,0.01567834,0.001236714,0.00139629,0.2442311,0.6211097,23.68612,24.38497,4.272859,4.417657,5.01142,12.06736,4.317753,1.907254,39.94039,-5.774885,16,267.4,451,453.4889,5.48822,51.5434,99.6719,0.0714159,0.03357738,-1.57211,11.31608,0.7332816,-0.27,2.12,24.36,0,5,0
20220125,000200,0,99.97725,21.3125,18.7579,-16.30578,2.571084,95.04146,255,0.5604708,0.3405924,1.580281,95,103,0.01424216,0.01547887,0.01404269,0.01547887,0.0146411,0.0159576,0.001156926,0.002313852,0.2437124,0.5694869,23.67153,24.36842,4.272658,4.418461,5.034583,12.06364,4.315134,1.906381,39.94039,-5.774885,16,267.4,452.522,455.0224,5.49512,51.5534,99.68,0.07159227,0.03361249,-1.55395,11.30097,0.7355572,-0.27,2.12,24.36,0,5,0
20220125,000201,0,99.978,21.3125,18.86202,-16.12356,2.570899,95.04146,255,0.5800588,0.02982225,1.563842,95,103,0.01488046,0.01476078,0.01488046,0.01523951,0.01555866,0.01603739,0.00179523,0.000957456,0.2500157,0.6260566,23.66628,24.37752,4.272256,4.419063,5.023415,12.06323,4.310769,1.86186,39.94039,-5.774885,16,267.4,451.941,454.436,5.4904,51.5401,99.6735,0.0715239,0.03358865,-1.56652,11.31859,0.7327072,-0.27,2.12,24.35,0,5,0
20220125,000202,0,99.9745,21.3125,18.57395,-16.00208,2.568353,95.04146,255,0.5500185,-0.0600916,1.58648,95,103,0.01523951,0.0146012,0.01452142,0.01424216,0.01488046,0.01555866,0.001316502,0.00099735,0.2472231,0.531029,23.66278,24.38579,4.27306,4.419264,5.019279,12.06323,4.312515,1.913364,39.94039,-5.774885,17,267.4,451.757,454.2598,5.50968,51.55,99.6805,0.07150686,0.03368318,-1.5179,11.31775,0.7345456,-0.27,2.12,24.36,0,5,0
20220125,000203,0,99.97725,21.3125,18.6208,-16.05067,2.5683,95.04146,255,0.5593139,-0.01207935,1.579052,95,103,0.01404269,0.01444163,0.01543898,0.01519961,0.01496025,0.01639643,0.001077138,0.001835124,0.2441513,0.6693016,23.67328,24.36884,4.273461,4.419264,5.031687,12.06488,4.310769,1.896778,39.94039,-5.774885,17,267.4,451.969,454.47,5.50303,51.5467,99.6722,0.07152528,0.03364867,-1.53544,11.32531,0.7330418,-0.27,2.12,24.36,0,5,0
20220125,000204,0,99.981,21.3125,18.70584,-16.06109,2.570205,95.04146,255,0.5847663,0.03855175,1.58268,95,103,0.01511983,0.01416237,0.01416237,0.01515972,0.01583792,0.01551877,0.001436184,0.000837774,0.246505,0.603317,23.66278,24.3767,4.272658,4.419063,5.027137,12.06364,4.314261,1.906381,39.94039,-5.774885,17,267.4,452.84,455.3375,5.48493,51.5467,99.6767,0.07162672,0.03356278,-1.57962,11.30768,0.7352403,-0.26,2.12,24.36,0,5,0
20220125,000205,0,99.976,21.3125,18.52362,-16.3561,2.569345,95.04146,255,0.5706039,0.3877318,1.610589,95,103,0.01507993,0.01476078,0.01519961,0.01500014,0.01492036,0.01635654,0.001276608,0.001236714,0.2494572,0.6866156,23.67795,24.38,4.274265,4.420269,5.024656,12.06281,4.317753,1.979709,39.94039,-5.774885,17,267.4,451.915,454.4118,5.4946,51.5501,99.6745,0.07152027,0.03360844,-1.55599,11.33873,0.7327149,-0.26,2.12,24.36,0,5,0
20220125,000206,0,99.97575,21.3125,18.69195,-16.12877,2.569613,95.04146,255,0.5870003,-0.08191535,1.607538,95,103,0.01456131,0.0139629,0.01500014,0.01539908,0.01579802,0.01472089,0.001476078,0.001316502,0.2447497,0.6608042,23.67853,24.37587,4.273461,4.419264,5.025897,12.06405,4.312515,1.963123,39.94039,-5.774885,17,267.4,452.957,455.4644,5.50517,51.5501,99.6752,0.07163852,0.0336597,-1.52975,11.30181,0.7339176,-0.27,2.12,24.36,0,5,0
20220125,000207,0,99.97675,21.3125,18.7284,-16.22074,2.566869,95.04146,255,0.565298,0.3056745,1.595978,95,103,0.01555866,0.01468099,0.01519961,0.01504004,0.01599749,0.01507993,0.001156926,0.001156926,0.2495769,0.6546206,23.66803,24.3767,4.274064,4.419465,5.02631,12.06695,4.30204,1.943045,39.94039,-5.774885,12,267.4,452.02,454.5157,5.49096,51.5467,99.6724,0.07153106,0.0335905,-1.56527,11.31104,0.7344162,-0.26,2.12,24.36,0,5,0
20220125,000208,0,99.97125,21.3125,18.74749,-16.37346,2.570281,95.04146,255,0.5775055,0.3868588,1.578852,95,103,0.01543898,0.0139629,0.01543898,0.01519961,0.01655601,0.01472089,0.00179523,0.00119682,0.2437922,0.5614682,23.66103,24.38,4.273461,4.419867,5.026724,12.06488,4.312515,1.903762,39.94039,-5.774885,16,267.4,452.318,454.825,5.51197,51.5401,99.6777,0.07156986,0.03369409,-1.51265,11.32699,0.7334309,-0.26,2.12,24.36,0,5,0
20220125,000209,0,99.98225,21.3125,18.55312,-16.07497,2.56333,95.04146,255,0.573955,-0.1770669,1.593624,95,103,0.0146411,0.01523951,0.01519961,0.01408258,0.01655601,0.01563845,0.001037244,0.001117032,0.2490582,0.5570399,23.66628,24.38166,4.274265,4.419264,5.025069,12.06571,4.296802,1.928205,39.94039,-5.774885,16,267.4,452.834,455.3439,5.51203,51.5501,99.6712,0.07162172,0.03369147,-1.51336,11.31272,0.7353173,-0.26,2.12,24.36,0,5,0
20220125,000210,0,99.97725,21.3125,18.45767,-16.16868,2.566793,95.04146,255,0.5733167,0.0603755,1.612174,95,103,0.01484057,0.01468099,0.01539908,0.0152794,0.01655601,0.01631665,0.001316502,0.00179523,0.2471433,0.5970935,23.67445,24.38,4.274466,4.420067,5.019279,12.06075,4.311642,1.97709,39.94039,-5.774885,16,267.4,453.077,455.5783,5.49048,51.55,99.6767,0.07165307,0.0335893,-1.56587,11.31691,0.7331049,-0.26,2.12,24.35,0,5,0
20220125,000211,0,99.976,21.3125,18.72145,-16.21554,2.570708,95.04146,255,0.5809364,0.2725024,1.595888,95,103,0.01344428,0.01384322,0.01511983,0.01551877,0.01507993,0.01579802,0.001077138,0.001316502,0.2449891,0.5453111,23.66803,24.38,4.274667,4.42067,5.017624,12.06116,4.315134,1.942172,39.94039,-5.774885,16,267.4,452.57,455.0759,5.50644,51.5501,99.6782,0.07159704,0.03366679,-1.52622,11.31524,0.7338156,-0.26,2.12,24.36,0,5,0
20220125,000212,0,99.97425,21.3125,18.62948,-16.2381,2.570258,95.04146,255,0.5553245,0.3868588,1.555064,95,103,0.01468099,0.01440173,0.01468099,0.01519961,0.01623686,0.01599749,0.00179523,0.001156926,0.2496966,0.600684,23.66162,24.39738,4.274265,4.419666,5.024242,12.06157,4.31688,1.847893,39.94039,-5.774885,12,267.4,452.474,454.9808,5.50975,51.5401,99.6719,0.07158321,0.03368151,-1.5189,11.31691,0.7352352,-0.26,2.12,24.36,0,5,0
20220125,000213,0,99.97925,21.3125,18.26851,-16.04026,2.567567,95.04146,255,0.5760295,-0.01033345,1.612739,95,103,0.01384322,0.01563845,0.01547887,0.01488046,0.01488046,0.01711453,0.00139629,0.001476078,0.2456274,0.5451515,23.65403,24.3767,4.274667,4.421474,5.020933,12.06281,4.321244,1.97709,39.94039,-5.774885,16,267.4,452.087,454.5921,5.51074,51.5534,99.6752,0.07153982,0.03368628,-1.51601,11.28167,0.7328259,-0.26,2.12,24.36,0,5,0
20220125,000214,0,99.97625,21.3125,18.52883,-16.43073,2.567579,95.04562,255,0.5793806,0.4034449,1.605021,95,103,0.01488046,0.01468099,0.01408258,0.01488046,0.01619696,0.01615707,0.001316502,0.001037244,0.2486593,0.6243012,23.64645,24.38497,4.274868,4.421674,5.002734,12.0624,4.311642,1.966614,39.94039,-5.774885,16,267.4,453.264,455.776,5.51141,51.5467,99.6724,0.07167172,0.03368914,-1.51473,11.30013,0.7360381,-0.26,2.12,24.35,0,5,0
20220125,000215,0,99.975,21.3125,18.85508,-16.11662,2.573471,95.04562,255,0.5847263,-0.244284,1.59717,95,103,0.01492036,0.01376343,0.01504004,0.0152794,0.01651612,0.01440173,0.001316502,0.001156926,0.2483401,0.6083835,23.66395,24.38124,4.274265,4.420469,5.020933,12.06033,4.319499,1.935188,39.94039,-5.774885,16,267.4,452.032,454.5374,5.51194,51.5501,99.68,0.07153761,0.03369391,-1.51239,11.33202,0.7323874,-0.26,2.12,24.36,0,5,0
20220125,000216,0,99.97575,21.3125,18.79261,-15.98299,2.570962,95.04562,255,0.5618272,-0.3691159,1.569662,95,103,0.01515972,0.01480067,0.01400279,0.01551877,0.01511983,0.01583792,0.001077138,0.00099735,0.2437922,0.6578122,23.68378,24.38166,4.274667,4.420871,5.022588,12.06736,4.313388,1.867971,39.94039,-5.774885,16,267.4,452.234,454.737,5.50433,51.5401,99.6864,0.07156676,0.03366017,-1.53029,11.34713,0.7346597,-0.26,2.12,24.35,0,5,0
20220125,000217,0,99.977,21.3125,18.37264,-15.97779,2.566654,95.04562,255,0.59841,-0.03477605,1.569957,95,103,0.01488046,0.01515972,0.01507993,0.01468099,0.01583792,0.01444163,0.001755336,0.001117032,0.2467444,0.6103782,23.67678,24.3829,4.275068,4.421072,5.024242,12.06323,4.314261,1.874955,39.94039,-5.774885,17,267.5,453.033,455.5443,5.51285,51.5434,99.6727,0.07164639,0.03369641,-1.51116,11.29845,0.7346764,-0.25,2.13,24.35,0,5,0
20220125,000218,0,99.978,21.3125,18.43338,-16.49841,2.564699,95.04562,255,0.565298,0.5466086,1.614691,95,103,0.01551877,0.01368364,0.01500014,0.01484057,0.01667569,0.01507993,0.001037244,0.001117032,0.2488987,0.6468413,23.68436,24.38455,4.27547,4.420871,5.025069,12.06902,4.305532,1.992803,39.94039,-5.774885,17,267.5,453.008,455.5108,5.49442,51.55,99.6742,0.07164347,0.03360748,-1.55647,11.30768,0.7340917,-0.25,2.12,24.35,0,5,0
20220125,000219,0,99.97725,21.3125,18.64163,-16.37519,2.570085,95.04562,255,0.5669735,0.3894776,1.594564,95,103,0.01515972,0.01472089,0.01384322,0.01468099,0.01567834,0.01507993,0.001037244,0.001436184,0.2475024,0.57583,23.6727,24.38373,4.27547,4.421072,5.025069,12.06364,4.316007,1.941299,39.94039,-5.774887,17,267.4,452.232,454.7372,5.50924,51.5534,99.6757,0.07155651,0.03367919,-1.51965,11.30433,0.7343474,-0.25,2.12,24.36,0,5,0
20220125,000220,0,99.9785,21.3125,18.79955,-16.09753,2.570216,95.04562,255,0.5848061,-0.123817,1.574748,95,103,0.01492036,0.01416237,0.01304534,0.01543898,0.01551877,0.01607728,0.001077138,0.001276608,0.2496566,0.5543271,23.67736,24.37628,4.274265,4.420067,5.02052,12.06571,4.310769,1.884557,39.94039,-5.774887,17,267.5,452.647,455.1602,5.52144,51.5467,99.6752,0.07160425,0.03373837,-1.48964,11.31943,0.7337812,-0.25,2.13,24.36,0,5,0
20220125,000221,0,99.97225,21.3125,18.7284,-16.08018,2.568758,95.04562,255,0.5604708,0.02982225,1.598622,95,103,0.01543898,0.01384322,0.01539908,0.01448152,0.0153193,0.01535919,0.001236714,0.000718092,0.2498162,0.6014419,23.67912,24.37918,4.275872,4.422076,5.02052,12.06695,4.30815,1.943918,39.94039,-5.774887,17,267.5,452.65,455.1575,5.50901,51.5467,99.6717,0.07160187,0.03367734,-1.52075,11.30684,0.7343054,-0.25,2.12,24.35,0,5,0
20220125,000222,0,99.97725,21.3125,18.51321,-15.92572,2.568174,95.04562,255,0.5962158,-0.3560216,1.601733,95,103,0.0139629,0.0139629,0.01539908,0.01476078,0.01523951,0.01452142,0.00119682,0.002633004,0.2430741,0.581854,23.67036,24.36842,4.275872,4.422076,5.032928,12.0653,4.314261,1.943918,39.94039,-5.774887,17,267.5,453.31,455.8258,5.5193,51.5534,99.678,0.07168001,0.03372842,-1.49454,11.30768,0.7344868,-0.25,2.12,24.36,0,5,0
20220125,000223,0,99.9795,21.3125,18.29455,-16.40643,2.564212,95.04562,255,0.5797795,0.399953,1.605022,95,103,0.01535919,0.0146411,0.01496025,0.01444163,0.01611718,0.01631665,0.000877668,0.001635654,0.2450688,0.5283561,23.65228,24.36925,4.275671,4.422076,5.02052,12.06323,4.309023,1.966614,39.94039,-5.774885,17,267.5,453.001,455.5039,5.49471,51.5434,99.6774,0.07164609,0.03361052,-1.5553,11.31608,0.7336025,-0.25,2.12,24.35,0,5,0
20220125,000224,0,99.97375,21.3125,18.72493,-16.33528,2.569479,95.04562,255,0.5698858,0.3947153,1.58576,95,103,0.01519961,0.0146012,0.01416237,0.01440173,0.0159576,0.01515972,0.001436184,0.001476078,0.2488588,0.7521216,23.64878,24.3829,4.276474,4.422076,5.02176,12.06405,4.310769,1.920348,39.94039,-5.774885,17,267.5,453.443,455.9543,5.5077,51.5401,99.6772,0.0716964,0.03367335,-1.52325,11.30349,0.7352045,-0.25,2.12,24.35,0,5,0
20220125,000225,0,99.97625,21.3125,18.76831,-15.99514,2.569651,95.04562,255,0.5630639,-0.3359438,1.587963,95,103,0.01543898,0.01480067,0.01400279,0.01511983,0.01631665,0.01519961,0.001316502,0.001156926,0.2445901,0.6479583,23.65695,24.39572,4.275872,4.421674,5.022588,12.06157,4.309896,1.911619,39.94039,-5.774885,17,267.5,453.482,456.0003,5.52255,51.5467,99.6732,0.07169694,0.03374308,-1.48717,11.32531,0.7322412,-0.25,2.12,24.36,0,5,0
20220125,000226,0,99.97425,21.3125,18.62601,-16.0177,2.569961,95.04562,255,0.5573591,0.0062526,1.565552,95,103,0.01500014,0.01492036,0.01420226,0.01496025,0.0146012,0.01611718,0.000757986,0.001276608,0.2464252,0.6071867,23.65928,24.38166,4.277077,4.422076,5.006456,12.0624,4.316007,1.865352,39.94039,-5.774885,17,267.6,452.588,455.0985,5.51633,51.5534,99.6757,0.07159686,0.0337134,-1.50215,11.31608,0.7351192,-0.25,2.12,24.36,0,5,0
20220125,000227,0,99.97575,21.3125,18.61733,-16.2381,2.562557,95.04562,255,0.5877583,0.3021826,1.589792,95,103,0.01436184,0.01440173,0.01440173,0.01444163,0.01639643,0.01551877,0.001156926,0.00139629,0.248021,0.6581313,23.66336,24.38083,4.278683,4.422879,5.01721,12.06116,4.291564,1.928205,39.94039,-5.774885,12,267.6,453.88,456.3948,5.51008,51.55,99.6724,0.07174063,0.03368247,-1.51801,11.30265,0.7333934,-0.24,2.12,24.36,0,5,0
20220125,000228,0,99.9725,21.3125,18.35355,-16.42205,2.564435,95.04562,255,0.5523723,0.5378792,1.603957,95,103,0.01488046,0.01384322,0.01496025,0.01496025,0.01567834,0.0152794,0.001476078,0.00099735,0.2490582,0.6588095,23.68495,24.3829,4.277478,4.42308,5.025897,12.06323,4.307277,1.966614,39.94039,-5.774887,16,267.6,453.19,455.7003,5.50868,51.5434,99.6737,0.07166481,0.03367668,-1.52129,11.30433,0.734139,-0.24,2.12,24.35,0,5,0
20220125,000229,0,99.975,21.3125,18.57568,-16.07844,2.566284,95.04979,255,0.552492,-0.3315791,1.597883,95,103,0.01519961,0.01535919,0.01428205,0.01511983,0.01559855,0.01555866,0.000837774,0.00099735,0.2434731,0.5658964,23.68495,24.38,4.278282,4.422879,5.023415,12.06571,4.305532,1.935188,39.94039,-5.774887,16,267.7,453.116,455.6274,5.51191,51.5434,99.6782,0.0716598,0.03369373,-1.51271,11.31524,0.7342928,-0.24,2.13,24.35,0,5,0
20220125,000230,0,99.975,21.3125,18.77352,-16.24504,2.570246,95.04979,255,0.560391,0.3021826,1.600035,95,103,0.01432195,0.01472089,0.01448152,0.01515972,0.01452142,0.01547887,0.002273958,0.001875018,0.2471433,0.6187958,23.65695,24.38166,4.277077,4.423281,5.025897,12.0653,4.311642,1.952647,39.94039,-5.774887,16,267.6,453.576,456.0912,5.51474,51.5467,99.678,0.07171094,0.03370702,-1.50576,11.32531,0.734952,-0.24,2.13,24.35,0,5,0
20220125,000231,0,99.97375,21.3125,18.70757,-16.25892,2.568771,95.04979,255,0.5773858,0.3912235,1.578428,95,103,0.01551877,0.01372354,0.01504004,0.01440173,0.01587781,0.0153193,0.002353746,0.000757986,0.2466646,0.5882769,23.64762,24.38745,4.277478,4.422879,5.018038,12.0653,4.309023,1.902889,39.94039,-5.774885,16,267.7,453.063,455.5822,5.52953,51.5401,99.6747,0.07165188,0.03377771,-1.4698,11.32363,0.7345668,-0.24,2.12,24.36,0,5,0
20220125,000232,0,99.9825,21.3125,18.27719,-15.99167,2.564758,95.04979,255,0.5708432,-0.2739643,1.601751,95,103,0.01539908,0.01511983,0.01504004,0.01515972,0.01472089,0.01631665,0.000718092,0.000917562,0.2486992,0.5319865,23.65345,24.38166,4.278282,4.423481,5.012661,12.0624,4.311642,1.945664,39.94039,-5.774885,17,267.7,454.835,457.3563,5.51269,51.5534,99.6717,0.0718472,0.03369451,-1.51168,11.34293,0.7337828,-0.24,2.12,24.36,0,5,0
20220125,000233,0,99.978,21.3125,18.54271,-16.26933,2.569002,95.04979,255,0.561149,0.2847236,1.608153,95,103,0.01496025,0.01384322,0.01543898,0.01575813,0.01496025,0.01515972,0.001037244,0.002433534,0.2423162,0.5653778,23.66862,24.36842,4.278683,4.423682,5.033342,12.0653,4.316007,1.971852,39.94039,-5.774885,17,267.7,452.675,455.1997,5.5463,51.5567,99.6722,0.07160383,0.03385627,-1.42893,11.29006,0.7336104,-0.24,2.12,24.35,0,5,0
20220125,000234,0,99.97575,21.3125,18.81343,-16.46544,2.569887,95.04979,255,0.5524122,0.5343874,1.568029,95,103,0.01400279,0.01523951,0.01404269,0.01539908,0.01559855,0.01543898,0.001515972,0.001476078,0.2477816,0.5303509,23.65286,24.3829,4.276273,4.421875,5.018452,12.06157,4.309023,1.881065,39.94039,-5.774887,17,267.6,453.475,455.9914,5.51849,51.5434,99.6745,0.07169765,0.03372419,-1.49701,11.31859,0.7346245,-0.24,2.12,24.35,0,5,0
20220125,000235,0,99.97725,21.3125,18.78913,-16.08018,2.569341,95.04979,255,0.589354,-0.2530136,1.579511,95,103,0.01480067,0.01507993,0.01388311,0.01523951,0.01623686,0.01571824,0.001436184,0.00119682,0.2486593,0.7242357,23.66278,24.39944,4.277277,4.423682,5.023415,12.06323,4.30815,1.893287,39.94039,-5.774887,17,267.6,453.197,455.712,5.51887,51.5501,99.6762,0.07166648,0.03372604,-1.49584,11.31188,0.7344591,-0.23,2.12,24.35,0,5,0
20220125,000236,0,99.973,21.3125,18.54271,-16.04026,2.568557,95.04979,255,0.5885562,0.04204355,1.588244,95,103,0.01456131,0.01484057,0.01456131,0.01551877,0.01543898,0.017314,0.000957456,0.001476078,0.2434731,0.6701394,23.66862,24.37918,4.279085,4.423682,5.02176,12.06364,4.314261,1.919475,39.94039,-5.774887,17,267.6,454.721,457.2448,5.51968,51.55,99.6774,0.07183927,0.03373039,-1.49366,11.31524,0.7349312,-0.23,2.12,24.36,0,5,0
20220125,000237,0,99.97725,21.3125,18.71625,-16.50361,2.571933,95.04979,255,0.5482234,0.5439898,1.621914,95,103,0.01547887,0.01488046,0.01472089,0.01484057,0.01575813,0.01496025,0.00159576,0.001436184,0.248779,0.7027727,23.65462,24.38166,4.278282,4.425088,5.021347,12.06033,4.319499,2.010262,39.94039,-5.774889,16,267.6,453.333,455.8459,5.51262,51.5467,99.6792,0.07168448,0.03369719,-1.51083,11.33957,0.733289,-0.24,2.12,24.35,0,5,0
20220125,000238,0,99.97375,21.3125,18.78913,-16.27107,2.570694,95.04979,255,0.5494999,0.2969449,1.60118,95,103,0.01488046,0.01432195,0.01432195,0.01504004,0.01599749,0.01507993,0.001436184,0.001436184,0.249138,0.6497137,23.67795,24.38497,4.278482,4.423281,5.023415,12.06736,4.312515,1.955266,39.94039,-5.774889,16,267.5,454.29,456.8131,5.52323,51.55,99.671,0.07178593,0.03374535,-1.4858,11.31104,0.7348531,-0.23,2.12,24.36,0,5,0
20220125,000239,0,99.97475,21.3125,18.70237,-15.97085,2.564012,95.04979,255,0.5448722,-0.3595135,1.575559,95,103,0.01559855,0.01424216,0.01456131,0.0146411,0.01719431,0.01535919,0.001436184,0.001077138,0.2432337,0.6622803,23.67678,24.38414,4.280089,4.424486,5.022174,12.06902,4.29331,1.881938,39.9404,-5.774889,16,267.5,452.973,455.491,5.52803,51.5401,99.679,0.0716449,0.03377193,-1.47289,11.35468,0.7334833,-0.23,2.12,24.36,0,5,0
20220125,000240,0,99.97525,21.3125,18.35702,-16.39255,2.564692,95.04979,255,0.5685294,0.4104285,1.597695,95,103,0.01448152,0.01492036,0.01452142,0.01492036,0.01424216,0.01535919,0.001635654,0.001675548,0.2489785,0.7037302,23.6797,24.38207,4.279687,4.424285,5.018452,12.06654,4.30815,1.949155,39.94039,-5.774889,16,267.6,453.627,456.1448,5.51981,51.5467,99.67,0.07171094,0.03372878,-1.49438,11.31356,0.7345503,-0.23,2.12,24.36,0,5,0
20220125,000241,0,99.9805,21.3125,18.449,-16.09579,2.565871,95.04979,255,0.5785029,-0.3228495,1.609113,95,103,0.01440173,0.01488046,0.01472089,0.0139629,0.01543898,0.01607728,0.001515972,0.001476078,0.2424358,0.6000856,23.68262,24.38248,4.27788,4.423281,5.018452,12.06778,4.309023,1.96225,39.9404,-5.774889,16,267.5,455.055,457.582,5.52249,51.5467,99.675,0.07187551,0.03374338,-1.48707,11.32027,0.7345205,-0.23,2.12,24.35,0,5,0
20220125,000242,0,99.976,21.3125,18.72666,-16.02117,2.572844,95.04979,255,0.5523324,-0.3167389,1.590024,95,103,0.01559855,0.01472089,0.01424216,0.0152794,0.01687516,0.01519961,0.001037244,0.001156926,0.2489386,0.5178241,23.68495,24.38,4.278683,4.424486,5.02631,12.06736,4.322117,1.916856,39.9404,-5.774889,16,267.5,453.745,456.2627,5.51804,51.5467,99.6809,0.07173228,0.03372389,-1.49723,11.3144,0.7346573,-0.23,2.12,24.35,0,5,0
20220125,000243,0,99.976,21.3125,18.77872,-16.31446,2.568987,95.04979,255,0.5617474,0.3606703,1.572003,95,103,0.01468099,0.01432195,0.01404269,0.01492036,0.01575813,0.01523951,0.001156926,0.001117032,0.2428348,0.6158437,23.68495,24.38248,4.279888,4.424084,5.017624,12.06695,4.307277,1.887176,39.9404,-5.77489,17,267.5,453.844,456.3629,5.51942,51.5501,99.6764,0.07173961,0.03372878,-1.49445,11.32111,0.7346058,-0.22,2.12,24.36,0,5,0
20220125,000244,0,99.98275,21.3125,18.71972,-16.21901,2.570589,95.05396,255,0.5598325,0.3257523,1.577036,95,103,0.01476078,0.01356396,0.01440173,0.01583792,0.01480067,0.01543898,0.001117032,0.000877668,0.2478614,0.5727981,23.64703,24.38,4.280089,4.424285,5.025897,12.06075,4.315134,1.898524,39.9404,-5.77489,17,267.5,453.888,456.4096,5.52491,51.5534,99.6767,0.07174432,0.03375506,-1.48088,11.32782,0.7337871,-0.23,2.12,24.35,0,5,0
20220125,000245,0,99.97225,21.3125,18.54444,-16.00555,2.567547,95.05396,255,0.5720401,-0.3237225,1.626253,95,103,0.01523951,0.01535919,0.01440173,0.01440173,0.01539908,0.01547887,0.001156926,0.000678198,0.2474226,0.5439148,23.65462,24.38331,4.279487,4.425289,5.017624,12.06405,4.310769,2.003278,39.9404,-5.77489,17,267.6,453.954,456.4791,5.53169,51.5467,99.6787,0.07175434,0.03378892,-1.46392,11.31691,0.7351762,-0.23,2.12,24.35,0,5,0
20220125,000246,0,99.97575,21.3125,18.54097,-16.35784,2.566937,95.05396,255,0.5587953,0.3720186,1.605281,95,103,0.01472089,0.01368364,0.01428205,0.01515972,0.01635654,0.01496025,0.001476078,0.000678198,0.245388,0.5194199,23.66453,24.39076,4.28029,4.425289,5.010592,12.06571,4.309023,1.966614,39.9404,-5.77489,17,267.6,454.041,456.5619,5.52158,51.5467,99.6727,0.0717597,0.03373826,-1.48962,11.31943,0.733438,-0.23,2.12,24.35,0,5,0
20220125,000247,0,99.97425,21.3125,18.88632,-16.25719,2.571738,95.05396,255,0.5578378,0.2532974,1.573985,95,103,0.01543898,0.01507993,0.0146411,0.0146012,0.01523951,0.01691506,0.001077138,0.00099735,0.2483003,0.7342491,23.65403,24.38621,4.280089,4.425289,5.01597,12.06488,4.312515,1.889795,39.9404,-5.77489,17,267.6,453.892,456.4112,5.51955,51.5467,99.6777,0.07174653,0.03373009,-1.49395,11.29509,0.7354634,-0.23,2.12,24.36,0,5,0
20220125,000248,0,99.9755,21.3125,18.6503,-15.99514,2.569945,95.05396,255,0.5872796,-0.2870586,1.584615,95,103,0.01500014,0.01456131,0.01452142,0.01472089,0.01551877,0.01539908,0.001555866,0.001715442,0.2432337,0.6514291,23.65345,24.3829,4.279687,4.424084,5.006043,12.06447,4.315134,1.904635,39.9404,-5.77489,17,267.6,454.871,457.3982,5.52513,51.5501,99.6805,0.07185835,0.03375763,-1.47983,11.32782,0.7339438,-0.22,2.13,24.36,0,5,0
20220125,000249,0,99.97575,21.3125,18.57395,-16.41858,2.568854,95.05396,255,0.5762289,0.4121743,1.607855,95,103,0.01519961,0.01468099,0.01416237,0.01551877,0.01639643,0.01655601,0.001476078,0.00139629,0.2478215,0.6589292,23.6447,24.38,4.279487,4.42549,5.022588,12.06075,4.314261,1.973598,39.9404,-5.77489,17,267.6,454.05,456.5752,5.53071,51.5434,99.6777,0.07176489,0.03378415,-1.46647,11.30265,0.7346269,-0.22,2.12,24.35,0,5,0
20220125,000250,0,99.97625,21.3125,18.64683,-16.29884,2.567816,95.05396,255,0.5662155,0.2716294,1.6166,95,103,0.01504004,0.01472089,0.01472089,0.01384322,0.0146411,0.01551877,0.00099735,0.001436184,0.2478614,0.6408971,23.66803,24.38166,4.279285,4.424887,5.023001,12.06612,4.30815,1.99193,39.9404,-5.77489,17,267.6,454.335,456.8621,5.53146,51.5467,99.6742,0.07179397,0.0337863,-1.46512,11.31608,0.7344211,-0.23,2.12,24.35,0,5,0
20220125,000251,0,99.981,21.3125,18.82905,-16.03853,2.570237,95.05396,255,0.5739151,-0.2870586,1.58235,95,103,0.01408258,0.0153193,0.01496025,0.01504004,0.01551877,0.01555866,0.001316502,0.001236714,0.2433534,0.6442482,23.68203,24.38166,4.281093,4.425088,5.02176,12.06819,4.309896,1.899397,39.9404,-5.77489,17,267.6,454.505,457.026,5.5161,51.5434,99.6767,0.07181537,0.0337134,-1.5026,11.31356,0.7350928,-0.22,2.12,24.35,0,5,0
20220125,000252,0,99.97075,21.3125,18.47676,-16.24157,2.566056,95.05396,255,0.5801784,0.3632891,1.588606,95,103,0.0146012,0.01408258,0.01436184,0.01408258,0.01607728,0.01500014,0.001236714,0.001356396,0.2478614,0.685339,23.67095,24.3829,4.279888,4.426092,5.011834,12.0624,4.30815,1.926459,39.9404,-5.77489,18,267.6,454.163,456.6978,5.55022,51.5501,99.6752,0.07177496,0.03387666,-1.41891,11.2909,0.7334856,-0.22,2.12,24.36,0,5,0
20220125,000253,0,99.9735,21.3125,18.38305,-16.25198,2.56526,95.05396,255,0.5827317,0.3388466,1.601934,95,103,0.01408258,0.01420226,0.01432195,0.01504004,0.01555866,0.01412248,0.00099735,0.001356396,0.2460263,0.5325051,23.67328,24.38166,4.28049,4.42549,5.025069,12.06364,4.309023,1.957885,39.9404,-5.77489,18,267.6,453.51,456.0303,5.52665,51.5501,99.6772,0.07170254,0.03376389,-1.47653,11.32111,0.7350683,-0.22,2.12,24.35,0,5,0
20220125,000254,0,99.9755,21.3125,18.68848,-16.39255,2.569579,95.05396,255,0.5425185,0.3877318,1.604428,95,103,0.01480067,0.01380332,0.01436184,0.01515972,0.01535919,0.01555866,0.000718092,0.001117032,0.2482205,0.5858434,23.67212,24.37918,4.279687,4.424084,5.02176,12.06612,4.312515,1.964869,39.9404,-5.77489,18,267.6,454.576,457.1072,5.53757,51.5467,99.6705,0.07181847,0.03381449,-1.45061,11.32195,0.7347528,-0.22,2.13,24.36,0,5,0
20220125,000255,0,99.9765,21.3125,18.64683,-16.03158,2.568853,95.05396,255,0.5661358,-0.00858755,1.604015,95,103,0.01468099,0.01356396,0.01432195,0.01440173,0.0146411,0.01575813,0.00119682,0.000837774,0.2484997,0.5723193,23.68436,24.38166,4.280692,4.425891,5.018452,12.06571,4.311642,1.956139,39.9404,-5.77489,18,267.6,456.066,458.6,5.52559,51.5467,99.6742,0.07198882,0.03375804,-1.47956,11.34461,0.7334893,-0.22,2.13,24.35,0,5,0
20220125,000256,0,99.97325,21.3125,18.59824,-16.37693,2.569934,95.05396,255,0.5702448,0.3973342,1.600004,95,103,0.01448152,0.01507993,0.01539908,0.01567834,0.01559855,0.01511983,0.001476078,0.002433534,0.2432337,0.5657368,23.66803,24.36594,4.28029,4.425088,5.033342,12.06033,4.31688,1.954393,39.9404,-5.77489,18,267.6,454.563,457.0934,5.53597,51.5501,99.6774,0.07182157,0.03380883,-1.45358,11.31775,0.7345794,-0.22,2.12,24.35,0,5,0
20220125,000257,0,99.9775,21.3125,18.7041,-16.15133,2.571538,95.05396,255,0.5610692,0.2375844,1.54834,95,103,0.01547887,0.01452142,0.01551877,0.01492036,0.01615707,0.01555866,0.00079788,0.000877668,0.2480609,0.6216682,23.66745,24.38166,4.28029,4.426293,5.020106,12.06488,4.318625,1.829561,39.9404,-5.77489,14,267.6,454.496,457.0233,5.52996,51.5534,99.6782,0.071814,0.03377986,-1.46826,11.34545,0.7331904,-0.22,2.12,24.36,0,5,0
20220125,000258,0,99.97675,21.3125,18.63989,-16.20165,2.568514,95.05396,255,0.5552846,0.2183795,1.574985,95,103,0.01472089,0.01428205,0.01436184,0.0146411,0.01515972,0.01551877,0.001635654,0.000877668,0.248779,0.7245947,23.66103,24.38497,4.28049,4.426092,5.020933,12.06323,4.310769,1.891541,39.9404,-5.77489,18,267.7,454.168,456.6958,5.53499,51.5601,99.6747,0.07177347,0.03380239,-1.45636,11.30097,0.7360752,-0.22,2.13,24.35,0,5,0
20220125,000259,0,99.9795,21.3125,18.67633,-16.042,2.571207,95.05813,255,0.5417206,-0.297534,1.607818,95,103,0.01539908,0.01416237,0.01488046,0.01408258,0.01519961,0.01551877,0.001077138,0.001156926,0.2425954,0.668783,23.65928,24.38331,4.281495,4.426092,5.022588,12.06199,4.318625,1.959631,39.9404,-5.77489,18,267.7,454.772,457.2983,5.5245,51.5434,99.6727,0.07184255,0.03375256,-1.48245,11.28838,0.7325961,-0.22,2.12,24.35,0,5,0
20220125,000300,0,99.97675,21.3125,18.51668,-16.35958,2.568739,95.05813,255,0.5604309,0.3964612,1.569859,95,103,0.0152794,0.01416237,0.01535919,0.01432195,0.01543898,0.01504004,0.00099735,0.001117032,0.2474226,0.6381444,23.65053,24.39324,4.281695,4.427498,5.020933,12.0624,4.316007,1.882811,39.9404,-5.774892,18,267.7,455.356,457.8912,5.5367,51.5467,99.6719,0.0719074,0.03381079,-1.45254,11.31188,0.7361987,-0.21,2.12,24.36,0,5,0
20220125,000301,0,99.9755,21.3125,18.64163,-16.34916,2.569071,95.05813,255,0.5618272,0.4401087,1.605454,95,103,0.01488046,0.01452142,0.01543898,0.01472089,0.0146012,0.01500014,0.001077138,0.00079788,0.2479811,0.6597271,23.67795,24.38083,4.28049,4.427096,5.015556,12.06405,4.312515,1.96836,39.9404,-5.774892,18,267.7,455.52,458.0479,5.5189,51.55,99.6777,0.0719294,0.03372669,-1.49556,11.32111,0.7336384,-0.21,2.12,24.35,0,5,0
20220125,000302,0,99.97675,21.3125,18.80302,-16.25198,2.568718,95.05813,255,0.5848061,0.08219925,1.59889,95,103,0.01416237,0.01444163,0.01360385,0.01519961,0.01655601,0.01567834,0.001117032,0.000757986,0.2445901,0.6451657,23.67912,24.37835,4.281093,4.42549,5.01597,12.06364,4.305532,1.945664,39.9404,-5.774892,18,267.7,454.435,456.9627,5.53164,51.5434,99.6732,0.07180506,0.03378713,-1.4648,11.29929,0.7351738,-0.21,2.12,24.36,0,5,0
20220125,000303,0,99.97475,21.3125,18.54097,-16.15133,2.57059,95.05813,255,0.5604708,0.1756049,1.581258,95,103,0.01468099,0.01472089,0.01511983,0.01444163,0.01543898,0.01480067,0.001117032,0.002034594,0.2461859,0.6122532,23.66745,24.38,4.28049,4.425891,5.015556,12.06075,4.321244,1.905508,39.9404,-5.774892,18,267.7,455.205,457.7392,5.53645,51.5434,99.6722,0.07189107,0.03380996,-1.45312,11.32531,0.7341104,-0.21,2.12,24.36,0,5,0
20220125,000304,0,99.97475,21.3125,18.54097,-16.12009,2.566952,95.05813,255,0.559633,0.09442055,1.6206,95,103,0.0152794,0.01432195,0.01515972,0.01519961,0.01631665,0.01591771,0.001515972,0.001077138,0.2446699,0.6001254,23.64995,24.37876,4.280692,4.426494,5.024242,12.06405,4.309023,1.998041,39.9404,-5.774892,18,267.7,455.51,458.0443,5.53273,51.5501,99.6767,0.07192761,0.03379297,-1.46165,11.32027,0.7340598,-0.21,2.12,24.36,0,5,0
20220125,000305,0,99.97325,21.3125,18.80996,-16.44808,2.571968,95.05813,255,0.5571197,0.5343874,1.579864,95,103,0.01368364,0.0152794,0.01496025,0.0146012,0.01607728,0.01627675,0.00079788,0.001156926,0.2447497,0.5494601,23.68378,24.37628,4.283102,4.427297,5.018038,12.06736,4.316007,1.909,39.9404,-5.774892,18,267.7,454.954,457.4827,5.52732,51.5434,99.6755,0.07186514,0.03376704,-1.47514,11.30936,0.7345641,-0.21,2.12,24.35,0,5,0
20220125,000306,0,99.9745,21.3125,18.60518,-15.95523,2.569731,95.05813,255,0.5766279,-0.2076201,1.576197,95,103,0.01424216,0.01488046,0.01472089,0.01547887,0.01555866,0.0146012,0.00139629,0.000678198,0.2484598,0.5469866,23.65462,24.38331,4.281495,4.427498,5.017624,12.05992,4.316007,1.886303,39.9404,-5.774892,18,267.7,456.022,458.5612,5.53725,51.5467,99.6705,0.07198119,0.03381294,-1.4514,11.32615,0.7339919,-0.21,2.13,24.35,0,5,0
20220125,000307,0,99.97375,21.3125,18.59651,-16.07323,2.570168,95.05813,255,0.5765082,0.1363222,1.59884,95,103,0.01480067,0.01420226,0.01440173,0.01504004,0.01543898,0.01547887,0.00099735,0.001117032,0.2427949,0.5815349,23.66512,24.38042,4.282298,4.427699,5.01142,12.06157,4.317753,1.946537,39.9404,-5.774892,17,267.7,455.424,457.9575,5.53218,51.5534,99.674,0.07191539,0.03378916,-1.46337,11.30265,0.7351597,-0.21,2.12,24.36,0,5,0
20220125,000308,0,99.97975,21.3125,18.60518,-16.4394,2.568613,95.05813,255,0.552492,0.5361332,1.591167,95,103,0.01567834,0.01404269,0.01511983,0.01372354,0.01563845,0.01559855,0.000957456,0.001077138,0.2471832,0.5434361,23.6482,24.37918,4.282298,4.427096,5.022174,12.0624,4.312515,1.936061,39.9404,-5.774892,17,267.7,455.339,457.8723,5.53266,51.5567,99.6759,0.07190681,0.03379184,-1.46193,11.33286,0.7342784,-0.21,2.12,24.36,0,5,0
20220125,000309,0,99.97775,21.3125,18.75269,-16.2086,2.568939,95.05813,255,0.5767077,0.1310845,1.579006,95,103,0.01420226,0.01504004,0.01376343,0.01480067,0.01492036,0.01647622,0.001635654,0.000718092,0.2476619,0.6993817,23.66162,24.38621,4.282298,4.428503,5.017624,12.06281,4.30815,1.899397,39.9404,-5.774892,17,267.7,455.954,458.4891,5.52931,51.5501,99.6695,0.07197225,0.03377414,-1.47104,11.31859,0.7334841,-0.21,2.12,24.36,0,5,0
20220125,000310,0,99.97675,21.3125,18.78913,-16.07844,2.569088,95.05813,255,0.5645001,-0.1639726,1.568011,95,103,0.01468099,0.0146411,0.01504004,0.01511983,0.01535919,0.01539908,0.001356396,0.001156926,0.2470635,0.6061096,23.65112,24.38662,4.282499,4.428301,5.022588,12.06405,4.307277,1.867971,39.9404,-5.774892,17,267.7,455.551,458.0901,5.5429,51.5501,99.6767,0.07193232,0.03384191,-1.43668,11.29761,0.7361584,-0.2,2.12,24.36,0,5,0
20220125,000311,0,99.97975,21.3125,18.58783,-16.03853,2.570504,95.05813,255,0.5876785,-0.3891937,1.603817,95,103,0.01488046,0.01500014,0.01547887,0.0152794,0.01635654,0.01551877,0.001316502,0.001276608,0.2434332,0.6410567,23.67445,24.37173,4.281294,4.426896,5.035823,12.06488,4.319499,1.948282,39.9404,-5.774892,17,267.7,455.486,458.0228,5.53857,51.5467,99.67,0.07192057,0.03381914,-1.44822,11.29174,0.7335277,-0.21,2.12,24.36,0,5,0
20220125,000312,0,99.9715,21.3125,18.60692,-16.12356,2.566674,95.05813,255,0.5720401,0.1703672,1.565758,95,103,0.01484057,0.01428205,0.01507993,0.01555866,0.01567834,0.01515972,0.001436184,0.001476078,0.2470236,0.6134899,23.66512,24.37918,4.282298,4.427699,5.018452,12.06654,4.305532,1.868844,39.9404,-5.774892,13,267.7,455.57,458.1071,5.53814,51.5501,99.674,0.07193244,0.03381813,-1.44872,11.30013,0.7349328,-0.21,2.12,24.36,0,5,0
20220125,000313,0,99.9745,21.3125,18.51147,-16.09059,2.566117,95.05813,255,0.575072,0.05601075,1.620558,95,103,0.0146012,0.01424216,0.01384322,0.01519961,0.0159576,0.01571824,0.001156926,0.000957456,0.2461061,0.6520674,23.66336,24.38331,4.282298,4.428301,5.022588,12.06405,4.307277,1.997168,39.9404,-5.774892,17,267.7,456.103,458.6436,5.53946,51.5467,99.6787,0.07199639,0.03382629,-1.44485,11.30013,0.7348586,-0.2,2.13,24.35,0,5,0
20220125,000314,0,99.9845,21.375,18.74054,-16.44287,2.569488,95.06229,255,0.5677714,0.540498,1.584135,95,103,0.01444163,0.0139629,0.01480067,0.01416237,0.01587781,0.0146012,0.00099735,0.00159576,0.2484199,0.5719204,23.69836,24.37421,4.2827,4.427297,5.02631,12.0686,4.310769,1.919475,39.9404,-5.774892,17,267.7,456.046,458.5862,5.53916,51.5567,99.6689,0.07198119,0.03382081,-1.44692,11.31272,0.7341338,-0.2,2.13,24.35,0,5,0
20220125,000315,0,99.97775,21.3125,18.41429,-16.25372,2.566575,95.06229,255,0.567931,0.2175065,1.599972,95,103,0.01484057,0.01519961,0.01416237,0.01440173,0.01500014,0.01623686,0.001436184,0.001436184,0.2477417,0.5805774,23.6622,24.38083,4.282097,4.427699,5.023001,12.0624,4.312515,1.950901,39.9404,-5.774892,17,267.7,455.972,458.5115,5.53853,51.5567,99.6759,0.07197809,0.03382009,-1.44751,11.31524,0.7350503,-0.2,2.13,24.35,0,5,0
20220125,000316,0,99.9755,21.3125,18.7284,-16.10447,2.56845,95.06229,255,0.5745135,-0.4328412,1.591342,95,103,0.01523951,0.01484057,0.01376343,0.01468099,0.01575813,0.01567834,0.001635654,0.00139629,0.2476221,0.5218534,23.66628,24.37835,4.282298,4.426695,5.020933,12.06157,4.307277,1.917729,39.9404,-5.774892,17,267.7,455.187,457.718,5.52959,51.5534,99.6685,0.07188463,0.03377485,-1.47051,11.30097,0.7349758,-0.2,2.12,24.36,0,5,0
20220125,000317,0,99.9755,21.3125,18.76657,-16.37346,2.571464,95.06229,255,0.5650985,0.3877318,1.587637,95,103,0.01511983,0.01404269,0.01416237,0.01412248,0.01551877,0.01611718,0.001635654,0.000718092,0.2424757,0.5917876,23.65812,24.37794,4.282298,4.427699,5.012247,12.06488,4.316007,1.924713,39.9404,-5.774892,18,267.7,455.969,458.5131,5.54857,51.5467,99.6752,0.07197881,0.03386897,-1.42297,11.3102,0.7332355,-0.2,2.12,24.36,0,5,0
20220125,000318,0,99.97725,21.3125,18.70757,-16.33875,2.569499,95.06229,255,0.5657368,0.3824941,1.581786,95,103,0.01575813,0.01452142,0.01420226,0.01484057,0.01563845,0.01587781,0.000718092,0.001156926,0.2425954,0.5861626,23.6692,24.37463,4.281897,4.427297,5.025897,12.06488,4.311642,1.910746,39.9404,-5.774892,18,267.7,455.714,458.2537,5.54209,51.5501,99.675,0.07194942,0.03383744,-1.43891,11.29845,0.7357003,-0.2,2.12,24.35,0,5,0
20220125,000319,0,99.98375,21.3125,18.57568,-16.12703,2.569014,95.06229,255,0.5755906,0.07521565,1.590095,95,103,0.01484057,0.01472089,0.01452142,0.01412248,0.01472089,0.01607728,0.002273958,0.001077138,0.2482604,0.7374805,23.64295,24.39448,4.283102,4.428301,5.011006,12.06571,4.315134,1.924713,39.9404,-5.774892,18,267.7,455.879,458.4141,5.53007,51.5501,99.6679,0.07196271,0.0337773,-1.46938,11.34713,0.7334099,-0.2,2.12,24.35,0,5,0
20220125,000320,0,99.97225,21.3125,18.41776,-16.05762,2.567214,95.06229,255,0.5761492,-0.4232388,1.609643,95,103,0.01555866,0.01380332,0.01472089,0.01480067,0.01611718,0.01551877,0.001037244,0.001835124,0.2463056,0.614567,23.65578,24.36801,4.284307,4.427699,5.03541,12.06405,4.314261,1.961377,39.9404,-5.774892,18,267.7,455.263,457.7983,5.53811,51.5467,99.6759,0.07189983,0.0338189,-1.44854,11.31691,0.7355606,-0.2,2.12,24.35,0,5,0
20220125,000321,0,99.9745,21.3125,18.70757,-16.48105,2.57084,95.06229,255,0.5640613,0.3990801,1.593778,95,103,0.01476078,0.01551877,0.01420226,0.01567834,0.01515972,0.01639643,0.001356396,0.001515972,0.2465848,0.6081042,23.64878,24.37587,4.283503,4.427699,5.024656,12.06075,4.316007,1.939553,39.94039,-5.774892,18,267.8,456.084,458.6302,5.5517,51.5501,99.6745,0.07199079,0.03388351,-1.41539,11.33286,0.7340112,-0.2,2.12,24.36,0,5,0
20220125,000322,0,99.983,21.3125,18.87243,-16.52791,2.573019,95.06229,255,0.5835694,0.4942316,1.579004,95,103,0.0146411,0.01496025,0.01535919,0.0152794,0.01623686,0.01599749,0.001037244,0.001236714,0.2484199,0.6141282,23.68962,24.38042,4.284106,4.428703,5.018452,12.06736,4.317753,1.906381,39.94039,-5.774892,18,267.8,455.731,458.2705,5.54152,51.5567,99.6767,0.07195151,0.03383476,-1.44005,11.30265,0.7350928,-0.19,2.12,24.35,0,5,0
20220125,000323,0,99.9745,21.3125,18.64683,-16.35437,2.569663,95.06229,255,0.5790614,0.4907399,1.566161,95,103,0.01448152,0.01539908,0.01424216,0.01515972,0.0166358,0.01631665,0.001077138,0.001117032,0.2477816,0.6152852,23.67678,24.38248,4.283102,4.428904,5.024242,12.06736,4.314261,1.875828,39.9404,-5.774892,18,267.7,455.463,458.0014,5.54226,51.55,99.6724,0.07191932,0.03383744,-1.43882,11.3102,0.734927,-0.19,2.12,24.36,0,5,0
20220125,000324,0,99.97825,21.3125,18.59824,-15.99341,2.568301,95.06229,255,0.5977717,-0.3979233,1.586602,95,103,0.01488046,0.01504004,0.01511983,0.01523951,0.01599749,0.01543898,0.000518622,0.000757986,0.2417177,0.5768672,23.68845,24.38455,4.283102,4.428503,5.020106,12.06902,4.311642,1.907254,39.9404,-5.774893,18,267.3,455.729,458.2687,5.54202,51.5367,99.6692,0.07194895,0.03383631,-1.43985,11.31775,0.7349617,-0.19,2.12,24.35,0,5,0
20220125,000325,0,99.97825,21.3125,18.33793,-16.26413,2.566519,95.06229,255,0.5625054,0.2498056,1.602984,95,103,0.01559855,0.01404269,0.01515972,0.01496025,0.01623686,0.0159576,0.001356396,0.001156926,0.2461859,0.5436754,23.66978,24.3829,4.284307,4.429908,5.024242,12.06985,4.315134,1.958758,39.9404,-5.774893,18,267.4,455.881,458.4198,5.53817,51.5534,99.6742,0.07196707,0.03381807,-1.44862,11.31608,0.734773,-0.19,2.12,24.36,0,5,0
20220125,000326,0,99.97825,21.3125,18.84467,-16.53312,2.571228,95.06229,255,0.5403243,0.4680431,1.592094,95,103,0.01519961,0.01352407,0.01496025,0.0146012,0.01539908,0.01416237,0.001156926,0.001835124,0.2425156,0.5218933,23.68845,24.38662,4.284307,4.428904,5.014315,12.06571,4.312515,1.936934,39.9404,-5.774893,18,267.4,456.647,459.189,5.53579,51.5467,99.6714,0.07205224,0.03380626,-1.45484,11.30768,0.7339314,-0.19,2.13,24.35,0,5,0
20220125,000327,0,99.976,21.3125,18.46115,-16.101,2.567628,95.06229,255,0.5702049,0.1022771,1.574069,95,103,0.01428205,0.01412248,0.01440173,0.01515972,0.01591771,0.01523951,0.001236714,0.001515972,0.2471433,0.5763087,23.65286,24.3767,4.285311,4.428703,5.025897,12.05992,4.314261,1.887176,39.9404,-5.774893,18,267.4,458.226,460.7787,5.53995,51.5401,99.6759,0.07223403,0.03382832,-1.44401,11.31775,0.7343465,-0.18,2.12,24.36,0,5,0
20220125,000328,0,99.9765,21.3125,18.37437,-16.26413,2.564862,95.06229,255,0.5733964,0.3528138,1.588644,95,103,0.01547887,0.01555866,0.01484057,0.01484057,0.01571824,0.01671559,0.001156926,0.001077138,0.2473029,0.6140884,23.66103,24.37959,4.283704,4.429708,5.015142,12.06323,4.30815,1.926459,39.9404,-5.774893,18,267.4,455.605,458.1602,5.57707,51.5534,99.677,0.0719384,0.034006,-1.35299,11.32782,0.7342633,-0.19,2.12,24.36,0,5,0
20220125,000329,0,99.97575,21.3125,18.71451,-16.22248,2.568816,95.06646,255,0.5591942,0.1188632,1.603708,95,103,0.01504004,0.01496025,0.01555866,0.01372354,0.01647622,0.01599749,0.001356396,0.000917562,0.2422763,0.5602314,23.66628,24.38621,4.284307,4.429708,5.023001,12.06571,4.309023,1.957885,39.9404,-5.774893,18,267.4,456.816,459.3625,5.54357,51.5534,99.6727,0.07207114,0.03384358,-1.43556,11.306,0.7346764,-0.19,2.12,24.36,0,5,0
20220125,000330,0,99.97325,21.3125,18.51494,-16.42899,2.568772,95.06646,255,0.5413217,0.4261416,1.579996,95,103,0.0159576,0.01500014,0.01543898,0.01468099,0.01647622,0.01639643,0.00139629,0.001356396,0.2451486,0.6123729,23.66395,24.38248,4.284507,4.428904,5.020933,12.06695,4.316007,1.907254,39.9404,-5.774893,18,267.4,455.981,458.5197,5.53682,51.5401,99.6742,0.07198036,0.03381264,-1.45195,11.30433,0.7351361,-0.18,2.13,24.35,0,5,0
20220125,000331,0,99.9745,21.3125,18.59477,-16.43767,2.569618,95.06646,255,0.576947,0.5378792,1.604666,95,103,0.01547887,0.01368364,0.01472089,0.01440173,0.01551877,0.01567834,0.000837774,0.000957456,0.2471832,0.6826262,23.65636,24.38869,4.284307,4.429708,5.015142,12.06323,4.316007,1.96836,39.9404,-5.774893,18,267.4,456.156,458.6996,5.54519,51.5534,99.679,0.07200152,0.03385341,-1.43074,11.3144,0.7344604,-0.18,2.12,24.36,0,5,0
20220125,000332,0,99.975,21.3125,18.71104,-16.22248,2.571131,95.06646,255,0.550976,-0.1299276,1.597338,95,103,0.01543898,0.01420226,0.01356396,0.0139629,0.01567834,0.01571824,0.001117032,0.001117032,0.2434731,0.6415354,23.67562,24.38662,4.284708,4.429306,5.01721,12.06281,4.31688,1.937807,39.9404,-5.774893,18,267.4,456.311,458.8533,5.54059,51.5501,99.6767,0.07201785,0.03383082,-1.44233,11.30013,0.7354671,-0.18,2.12,24.35,0,5,0
20220125,000333,0,99.97925,21.3125,18.57047,-16.04373,2.567205,95.06646,255,0.5376514,0.0062526,1.562899,95,103,0.01515972,0.01444163,0.01360385,0.01543898,0.01507993,0.01563845,0.001476078,0.00139629,0.2419571,0.6578122,23.67912,24.38042,4.284106,4.428904,5.018452,12.06819,4.309023,1.859242,39.9404,-5.774893,17,267.4,456.857,459.4062,5.54905,51.55,99.6724,0.07207614,0.0338701,-1.42217,11.32027,0.733905,-0.18,2.12,24.35,0,5,0
20220125,000334,0,99.97325,21.3125,18.27199,-16.37346,2.56406,95.06646,255,0.5661756,0.3938424,1.609475,95,103,0.01523951,0.01480067,0.01496025,0.0139629,0.01591771,0.01519961,0.000917562,0.001476078,0.2473428,0.7033711,23.67736,24.37876,4.284507,4.429908,5.022174,12.06405,4.309023,1.97709,39.9404,-5.774893,17,267.5,457.226,459.7763,5.54672,51.5534,99.6752,0.07211912,0.03385955,-1.42749,11.30433,0.7352118,-0.18,2.12,24.35,0,5,0
20220125,000335,0,99.9745,21.3125,18.78219,-16.43246,2.572429,95.06646,255,0.5796199,0.4942316,1.600663,95,103,0.01507993,0.01448152,0.01380332,0.01440173,0.01631665,0.01496025,0.001037244,0.00099735,0.2465848,0.5292737,23.6797,24.38828,4.28511,4.428904,5.022588,12.0653,4.318625,1.957885,39.9404,-5.774893,17,267.5,456.674,459.2169,5.53739,51.5501,99.6777,0.07205939,0.03381574,-1.45006,11.30013,0.7351459,-0.18,2.12,24.35,0,5,0
20220125,000336,0,99.97425,21.3125,18.78393,-16.40817,2.571671,95.06646,255,0.5632634,0.5221661,1.573687,95,103,0.01476078,0.01468099,0.01456131,0.01500014,0.01559855,0.01587781,0.001117032,0.001436184,0.244271,0.5614282,23.67562,24.37752,4.284708,4.428904,5.02052,12.06736,4.316007,1.89416,39.9404,-5.774893,17,267.5,457.191,459.7403,5.54506,51.56,99.6757,0.07211453,0.03385115,-1.43152,11.32866,0.7343134,-0.18,2.12,24.35,0,5,0
20220125,000337,0,99.97525,21.3125,18.73534,-15.98299,2.569049,95.06646,255,0.5736358,-0.454665,1.567735,95,103,0.01543898,0.01404269,0.01392301,0.01420226,0.01571824,0.01507993,0.001236714,0.000917562,0.2482604,0.5255635,23.64762,24.38455,4.28511,4.429306,5.024242,12.06199,4.309023,1.86186,39.9404,-5.774893,17,267.5,457.241,459.7932,5.55064,51.5534,99.68,0.0721243,0.03387994,-1.41725,11.30433,0.7363423,-0.18,2.12,24.35,0,5,0
20220125,000338,0,99.9785,21.3125,18.65725,-16.00729,2.566854,95.06646,255,0.5766678,-0.3926856,1.603489,95,103,0.01452142,0.01484057,0.01476078,0.01500014,0.01519961,0.01551877,0.001117032,0.001236714,0.2468242,0.5201778,23.65986,24.37504,4.285913,4.431515,5.02631,12.0595,4.304658,1.94741,39.9404,-5.774893,18,267.5,457.176,459.7283,5.55181,51.5534,99.6777,0.07211536,0.03388482,-1.41469,11.29258,0.7334878,-0.18,2.12,24.35,0,5,0
20220125,000339,0,99.969,21.25,18.5375,-15.99167,2.56804,95.06646,255,0.5744337,-0.1211981,1.612646,95,103,0.01412248,0.01523951,0.01496025,0.01488046,0.01504004,0.01623686,0.001635654,0.00139629,0.2455077,0.515989,23.6622,24.38166,4.285913,4.430109,5.024242,12.06364,4.312515,1.974471,39.9404,-5.774893,18,267.5,456.868,459.4192,5.55302,51.5501,99.6742,0.07207876,0.03388977,-1.4122,11.28502,0.7368471,-0.18,2.13,24.35,0,5,0
20220125,000340,0,99.9775,21.3125,18.69022,-16.5227,2.571128,95.06646,255,0.5760694,0.4872481,1.59231,95,103,0.01424216,0.01504004,0.01543898,0.0152794,0.01575813,0.01639643,0.00139629,0.001236714,0.2452284,0.6127319,23.6517,24.38,4.28511,4.430511,5.020933,12.06157,4.317753,1.937807,39.9404,-5.774893,18,267.5,457.25,459.8013,5.54866,51.5434,99.6764,0.0721243,0.0338701,-1.42257,11.29509,0.7332423,-0.18,2.12,24.35,0,5,0
20220125,000341,0,99.97575,21.3125,18.82037,-16.21727,2.571783,95.06646,255,0.5578378,0.2445679,1.593189,95,103,0.01551877,0.01412248,0.01476078,0.01523951,0.01619696,0.01496025,0.00119682,0.001476078,0.2475423,0.6601659,23.67212,24.37463,4.285511,4.430912,5.027551,12.06157,4.315134,1.935188,39.9404,-5.774893,18,267.5,456.542,459.0924,5.55536,51.5501,99.677,0.07204413,0.03390193,-1.40609,11.31188,0.7361575,-0.18,2.13,24.36,0,5,0
20220125,000342,0,99.97525,21.3125,18.7874,-16.12703,2.573513,95.06646,255,0.5651384,-0.03128425,1.605305,95,103,0.01456131,0.01535919,0.0152794,0.01507993,0.01567834,0.01623686,0.001156926,0.001476078,0.2414385,0.6580116,23.6867,24.3767,4.28511,4.430711,5.025897,12.06819,4.322117,1.958758,39.9404,-5.774893,18,267.5,457.215,459.7632,5.54246,51.5501,99.6732,0.07211691,0.03383863,-1.43824,11.30349,0.7336636,-0.18,2.12,24.35,0,5,0
20220125,000343,0,99.977,21.3125,18.68154,-16.37693,2.573379,95.06646,255,0.5412419,0.3781293,1.616441,95,103,0.0146411,0.01476078,0.01480067,0.0152794,0.01523951,0.01579802,0.001476078,0.001436184,0.2477816,0.6898072,23.6657,24.38166,4.285311,4.430511,5.015556,12.06488,4.325609,1.993676,39.9404,-5.774893,18,267.4,457.201,459.7553,5.55591,51.55,99.6732,0.07211542,0.03390336,-1.40524,11.31775,0.7346405,-0.18,2.12,24.36,0,5,0
20220125,000344,0,99.975,21.3125,18.65377,-16.48626,2.57025,95.07063,255,0.5825721,0.4575678,1.607129,95,103,0.01504004,0.01456131,0.01519961,0.01420226,0.01575813,0.01575813,0.000837774,0.00099735,0.2474226,0.6898471,23.68903,24.38497,4.284909,4.430711,5.01721,12.06654,4.316007,1.972725,39.9404,-5.774893,18,267.5,458.451,461.0083,5.54724,51.5501,99.6767,0.07225829,0.03386283,-1.42601,11.31943,0.7349794,-0.18,2.12,24.36,0,5,0
20220125,000345,0,99.97275,21.3125,18.63469,-16.37346,2.563571,95.07063,255,0.5777848,0.4418547,1.585022,95,103,0.01551877,0.0146411,0.0146411,0.0153193,0.01687516,0.01555866,0.001236714,0.001236714,0.2458268,0.5214545,23.67212,24.38331,4.287118,4.429708,5.025897,12.06364,4.294183,1.919475,39.9404,-5.774893,18,267.5,456.485,459.0302,5.54469,51.5467,99.674,0.07203597,0.0338499,-1.43266,11.31775,0.7344334,-0.18,2.12,24.36,0,5,0
20220125,000346,0,99.9695,21.25,18.567,-16.0472,2.569392,95.07063,255,0.5718406,-0.3935585,1.587007,95,103,0.01587781,0.01476078,0.01408258,0.01444163,0.01623686,0.01647622,0.001356396,0.001077138,0.2410794,0.5842476,23.67853,24.38166,4.28511,4.429506,5.020933,12.06571,4.316007,1.908127,39.9404,-5.774893,18,267.4,457.957,460.5061,5.53546,51.5501,99.6774,0.07220334,0.03380638,-1.45483,11.30684,0.7346815,-0.17,2.12,24.35,0,5,0
20220125,000347,0,99.975,21.3125,18.37264,-15.9882,2.567982,95.07063,255,0.5776252,-0.1910341,1.57977,95,103,0.01468099,0.01348417,0.01484057,0.01444163,0.01555866,0.01563845,0.001276608,0.001117032,0.2473029,0.5443137,23.6867,24.38248,4.286716,4.431314,5.007697,12.06488,4.318625,1.895033,39.9404,-5.774893,18,267.4,457.108,459.6682,5.56958,51.5501,99.6732,0.07210517,0.03396904,-1.3718,11.32363,0.7339363,-0.17,2.12,24.36,0,5,0
20220125,000348,0,99.97325,21.3125,18.67113,-16.39949,2.570464,95.07063,255,0.5820535,0.3947153,1.583192,95,103,0.01519961,0.01547887,0.0146411,0.01484057,0.01627675,0.01607728,0.001356396,0.001037244,0.2406406,0.5767875,23.66336,24.38331,4.286314,4.430912,5.019279,12.0653,4.316007,1.914237,39.9404,-5.774893,18,267.4,456.815,459.3683,5.5584,51.5534,99.6727,0.07207119,0.03391486,-1.39922,11.29174,0.7347558,-0.17,2.12,24.36,0,5,0
20220125,000349,0,99.97575,21.3125,18.56006,-16.25024,2.568184,95.07063,255,0.5483829,0.3274982,1.560376,95,103,0.01408258,0.01452142,0.01468099,0.01571824,0.01515972,0.01484057,0.001037244,0.001077138,0.246146,0.570165,23.66862,24.38331,4.286314,4.430711,5.018452,12.06323,4.312515,1.859242,39.9404,-5.774893,18,267.4,457.297,459.8475,5.54639,51.5534,99.6757,0.07212746,0.03385812,-1.42824,11.31608,0.7344382,-0.17,2.12,24.36,0,5,0
20220125,000350,0,99.97775,21.3125,18.81343,-16.22248,2.571678,95.07063,255,0.5640213,0.2131418,1.554911,95,103,0.01496025,0.01472089,0.01539908,0.01543898,0.01559855,0.01543898,0.002234064,0.001077138,0.2469439,0.6960306,23.64762,24.38,4.287118,4.431314,5.019279,12.0653,4.315134,1.844401,39.9404,-5.774893,18,267.4,457.586,460.1406,5.55169,51.5467,99.6747,0.0721603,0.03388381,-1.41539,11.32279,0.7342148,-0.17,2.12,24.35,0,5,0
20220125,000351,0,99.97875,21.3125,18.58609,-15.98473,2.568162,95.07063,255,0.5526915,-0.4485543,1.592181,95,103,0.01504004,0.01440173,0.01444163,0.01412248,0.01679537,0.01539908,0.001156926,0.001077138,0.2475423,0.6594079,23.66803,24.38166,4.287319,4.431515,5.022588,12.06654,4.311642,1.919475,39.9404,-5.774893,18,267.4,457.381,459.9325,5.54742,51.5434,99.6764,0.07213902,0.03386414,-1.42561,11.3144,0.7354794,-0.17,2.12,24.36,0,5,0
20220125,000352,0,99.9765,21.3125,18.26331,-16.39949,2.563918,95.07063,255,0.5905908,0.4025719,1.602119,95,103,0.01400279,0.01511983,0.0146411,0.0146012,0.01511983,0.01591771,0.001316502,0.000917562,0.2418773,0.6494743,23.69078,24.37545,4.287519,4.431314,5.027551,12.06199,4.309023,1.959631,39.9404,-5.774893,18,267.4,456.874,459.4245,5.55151,51.5534,99.6712,0.07207668,0.03388125,-1.4163,11.29929,0.7352039,-0.17,2.12,24.35,0,5,0
20220125,000353,0,99.97775,21.3125,18.61212,-16.50882,2.570537,95.07063,255,0.5766678,0.4383628,1.614858,95,103,0.01492036,0.01515972,0.01420226,0.01523951,0.01587781,0.01607728,0.00139629,0.001436184,0.2462258,0.685738,23.66278,24.38166,4.286716,4.432117,5.025897,12.06075,4.318625,1.991057,39.9404,-5.774895,18,267.4,458.305,460.8686,5.5626,51.5467,99.6737,0.07224035,0.03393596,-1.38879,11.28251,0.7335821,-0.17,2.12,24.35,0,5,0
20220125,000354,0,99.978,21.3125,18.69022,-16.28842,2.56878,95.07063,255,0.5459494,0.1171172,1.61134,95,103,0.01571824,0.0146012,0.0153193,0.01392301,0.01555866,0.01551877,0.00099735,0.00139629,0.2465848,0.629647,23.67562,24.37918,4.286314,4.430511,5.018452,12.06654,4.309896,1.976217,39.9404,-5.774895,18,267.4,458.284,460.8412,5.54895,51.5501,99.6762,0.07223916,0.03387088,-1.42189,11.29593,0.7370434,-0.17,2.12,24.36,0,5,0
20220125,000355,0,99.97275,21.3125,18.80649,-16.30404,2.570377,95.07063,255,0.5536489,0.2402032,1.609648,95,103,0.01507993,0.01456131,0.01344428,0.01515972,0.01603739,0.01615707,0.001436184,0.00119682,0.2435928,0.5402845,23.66978,24.37504,4.286516,4.431715,5.01142,12.06488,4.310769,1.974471,39.9404,-5.774893,18,267.4,457.757,460.3138,5.55444,51.5501,99.6732,0.07217783,0.03389627,-1.40885,11.31272,0.7332087,-0.17,2.13,24.35,0,5,0
